Player,season_end_year,actual_z,predicted_z,residual_z,residual_pct,target
A.J. Price,2010,-0.28390390774791413,-0.18736083052931476,-0.09654307721859937,46.50205761316872,TRB%
AJ Johnson,2025,-0.8800790223733402,0.15360164330802126,-1.0336806656813615,2.880658436213992,TRB%
Aaron Wiggins,2022,0.3300172520632778,0.14458169328638407,0.18543555877689374,67.48971193415639,TRB%
Acie Law,2008,-1.2516459857915156,-0.11774823712196636,-1.1338977486695492,2.05761316872428,TRB%
Ajay Mitchell,2025,-0.4357540907689377,0.014864732060772642,-0.45061882282971033,20.16460905349794,TRB%
Alec Burks,2012,0.858279625190033,0.10791586284614604,0.7503637623438869,89.7119341563786,TRB%
Alex Caruso,2018,-0.130524891240879,0.04217109961783278,-0.17269599085871176,38.68312757201646,TRB%
Allan Ray,2007,-0.1819622937341362,-0.11812505743660817,-0.06383723629752802,48.971193415637856,TRB%
Allonzo Trier,2019,0.2582277832377371,0.08270197059353473,0.17552581264420236,66.66666666666666,TRB%
Andrew Nembhard,2023,-0.6575920445143613,0.07088145728721759,-0.7284735018015789,10.2880658436214,TRB%
Anthony Edwards,2021,0.3827321940208309,0.09836670959663314,0.2843654844241978,73.25102880658436,TRB%
Anthony Morrow,2009,0.49210954450459793,0.12299433825168252,0.3691152062529154,79.01234567901234,TRB%
Antonio Reeves,2025,-0.7775424996954012,0.10202017254936131,-0.8795626722447626,4.526748971193416,TRB%
Archie Goodwin,2014,0.626750168584905,0.13172813387572305,0.49502203470918194,84.77366255144034,TRB%
Armoni Brooks,2021,0.017301783470136275,-0.048524593487440495,0.06582637695757677,59.25925925925925,TRB%
Arron Afflalo,2008,1.0556303334224222,0.11390387891556655,0.9417264545068557,92.18106995884774,TRB%
Austin Reaves,2022,0.2219356067856182,0.16659171312573173,0.055343893659886456,57.61316872427984,TRB%
Austin Rivers,2013,-0.3900909361764166,0.07320929949807492,-0.4633002356744915,19.34156378600823,TRB%
Ayo Dosunmu,2022,-0.3544998346952335,0.09118387735603199,-0.4456837120512655,20.5761316872428,TRB%
Ben McLemore,2014,-0.09253219577656614,-0.019709883414345805,-0.07282231236222034,47.73662551440329,TRB%
Bennedict Mathurin,2023,0.23266780158254222,0.15019870776107896,0.08246909382146325,60.49382716049383,TRB%
Blake Wesley,2023,-0.2124621214659097,0.0703721356729533,-0.282834257138863,28.80658436213992,TRB%
Bobby Brown,2009,-1.4674377655010633,-0.1428966452705033,-1.32454112023056,0.823045267489712,TRB%
Bogdan BogdanoviÄ,2018,-0.24780248008716138,0.15565467433157465,-0.40345715441873603,22.633744855967077,TRB%
Bones Hyland,2022,0.4741261124334909,-0.11306104329575598,0.5871871557292468,85.59670781893004,TRB%
Bradley Beal,2013,0.30951910624381584,0.06220145297372832,0.24731765327008753,71.60493827160494,TRB%
Brandin Podziemski,2024,1.1589534323023662,0.0966858959944151,1.0622675363079512,94.23868312757202,TRB%
Brandon Jennings,2010,-0.1014912807601907,-0.2218970820437379,0.12040580128354719,63.78600823045267,TRB%
Brandon Knight,2012,-0.17793601985647006,-0.15640348811200716,-0.0215325317444629,51.440329218106996,TRB%
Brandon Paul,2018,-0.0425666996061673,0.019678364068030953,-0.062245063674198256,49.382716049382715,TRB%
Brian Roberts,2013,-0.4567204640259623,-0.22934433844728117,-0.22737612557868112,33.33333333333333,TRB%
Bruce Brown,2019,0.22019984881983767,0.025829396610539644,0.19437045220929802,68.3127572016461,TRB%
Bub Carrington,2025,-0.059786840949827585,0.02195493387256036,-0.08174177482238795,47.325102880658434,TRB%
Buddy Hield,2017,0.3054681032063955,0.06660899440358194,0.23885910880281358,71.19341563786008,TRB%
C.J. Williams,2018,-0.6582740410491492,0.052498987339335605,-0.7107730283884848,11.11111111111111,TRB%
Caleb Love,2026,-0.3117668422458252,-0.03120318720656645,-0.28056365503925873,29.218106995884774,TRB%
Cam Thomas,2022,0.29399003697072473,0.008758829159897202,0.28523120781082756,73.66255144032921,TRB%
Cameron Payne,2016,0.121903929801745,-0.17537346888677535,0.2972773986885203,74.48559670781893,TRB%
Cason Wallace,2024,-0.3079328026114355,0.018182908978687365,-0.32611571159012287,27.160493827160494,TRB%
Cedric Coward,2026,1.741307765695135,0.15927442642400064,1.5820333392711343,99.58847736625515,TRB%
Charles Jenkins,2012,-0.9315473980721092,-0.10260589978725246,-0.8289414982848567,6.172839506172839,TRB%
Chris Duarte,2022,0.5461805426185972,0.14523896038357856,0.40094158223501863,82.3045267489712,TRB%
Coby White,2020,0.4040540442158188,0.016858591103501592,0.38719545311231723,81.06995884773663,TRB%
Cole Anthony,2021,0.8293693624716796,-0.1548647774426086,0.9842341399142882,92.5925925925926,TRB%
Collin Sexton,2019,-0.5403588395381538,-0.08709680066905041,-0.4532620388691034,19.753086419753085,TRB%
Courtney Lee,2009,-0.48766411049823244,0.14229643136343684,-0.6299605418616693,14.40329218106996,TRB%
Craig Porter Jr.,2024,0.5455282795202311,-0.2635633227338083,0.8090916022540393,90.53497942386831,TRB%
D'Angelo Russell,2016,0.07630627666979464,-0.07722361762439924,0.1535298942941939,65.02057613168725,TRB%
Daequan Cook,2008,0.5540485248976532,0.14871999240517958,0.40532853249247364,83.1275720164609,TRB%
Damian Lillard,2013,-0.3567761722516435,-0.13401573544140133,-0.22276043681024216,33.744855967078195,TRB%
Daniel Ewing,2006,-0.5752678398190078,-0.04065779806874871,-0.5346100417502591,16.049382716049383,TRB%
Daniel Gibson,2007,-0.38865970411315476,-0.20049895544731655,-0.1881607486658382,37.86008230452675,TRB%
DantÃ© Exum,2015,-0.9902283537341174,0.04174161104127657,-1.031969964775394,3.292181069958848,TRB%
Darius Garland,2020,-1.3294311620996362,-0.18070949572960368,-1.1487216663700326,1.2345679012345678,TRB%
De'Aaron Fox,2018,-0.27712187729873183,-0.07378931626758276,-0.20333256103114908,36.62551440329218,TRB%
De'Anthony Melton,2019,0.4103395209093355,-0.20367191830200207,0.6140114392113376,86.0082304526749,TRB%
Dennis SchrÃ¶der,2014,-0.25495079418076916,-0.255451456039034,0.0005006618582648614,52.2633744855967,TRB%
Dennis Smith Jr.,2018,0.10403028645168556,-0.120302603179472,0.22433288963115755,70.37037037037037,TRB%
Denzel Valentine,2017,0.4287810225912221,0.06241815285912002,0.3663628697321021,78.18930041152264,TRB%
Deron Williams,2006,-0.5752678398190078,-0.06114193094146999,-0.5141259088775377,16.46090534979424,TRB%
Derrick Rose,2009,-0.023560800233733994,-0.052046880692048235,0.02848608045831424,55.144032921810705,TRB%
Devin Booker,2016,-0.6988538265733641,0.159136254908276,-0.8579900814816401,5.349794238683128,TRB%
Devonte' Graham,2019,-0.5403588395381538,-0.24275184433879896,-0.29760699519935485,28.39506172839506,TRB%
Dion Waiters,2013,-0.2901466444020975,-0.012693174973344545,-0.27745346942875293,29.629629629629626,TRB%
Donovan Mitchell,2018,-0.07188609681773778,-0.0705640665245309,-0.0013220302932068773,51.85185185185185,TRB%
Doron Lamb,2013,-0.4567204640259623,0.03960682002348926,-0.49632728404945153,17.695473251028808,TRB%
Drake Powell,2026,-0.7091361212021398,0.15164683449489902,-0.8607829556970388,4.938271604938271,TRB%
Duane Washington Jr.,2022,-0.6787447705282128,-0.17189037314094624,-0.5068543973872666,17.28395061728395,TRB%
Dylan Harper,2026,0.35051528934803283,0.14718125825535136,0.20333403109268147,69.1358024691358,TRB%
Elfrid Payton,2015,0.8235562545907517,-0.056878341558553897,0.8804345961493055,91.76954732510289,TRB%
Elie Okobo,2019,-0.27416329861285665,-0.1296798175700082,-0.14448348104284844,41.56378600823045,TRB%
Emmanuel Mudiay,2016,-0.060486682726056826,-0.10394370270668703,0.0434570199806302,55.96707818930041,TRB%
Eric Bledsoe,2011,0.4081975610157321,-0.2549672308262522,0.6631647918419843,87.24279835390946,TRB%
Eric Gordon,2009,-0.9517674207627314,0.015685733171702923,-0.9674531539344343,4.11522633744856,TRB%
Eric Maynor,2010,-0.14709443750712137,-0.07745503909251508,-0.06963939841460628,48.559670781893004,TRB%
Ethan Thompson,2026,-0.4442232685645966,0.06386102838219204,-0.5080842969467887,16.872427983539097,TRB%
Frank Jackson,2019,-0.19810742977705748,-0.11611868493181944,-0.08198874484523803,46.913580246913575,TRB%
Frank Ntilikina,2018,-0.24780248008716138,-0.044625971286158174,-0.2031765088010032,37.03703703703704,TRB%
Gary Harris,2015,-0.6961011199517064,0.01434214554104677,-0.7104432654927532,11.522633744855968,TRB%
Gary Neal,2011,0.2639910152437926,0.03353252841895579,0.2304584868248368,70.78189300411523,TRB%
George Hill,2009,0.6468106479260979,-0.032709953788006646,0.6795206017141046,87.65432098765432,TRB%
Goran DragiÄ,2009,1.110913958190597,-0.035690199198114725,1.1466041573887116,95.88477366255144,TRB%
Hamidou Diallo,2019,1.170898209267327,0.13006921387789097,1.040828995389436,93.82716049382715,TRB%
Iman Shumpert,2012,0.01046682469743939,0.0566548717791986,-0.046188047081759206,49.794238683127574,TRB%
Immanuel Quickley,2021,-0.3887320060306354,-0.17250764665712875,-0.21622435937350665,34.5679012345679,TRB%
Isaac Okoro,2021,-0.6729556586811757,0.10977395308318563,-0.7827296117643613,6.995884773662551,TRB%
Isaiah Briscoe,2019,0.2582277832377371,-0.13014472462824106,0.38837250786597816,81.48148148148148,TRB%
Isaiah Collier,2025,-0.1623233636277666,-0.040289390895985766,-0.12203397273178082,44.03292181069959,TRB%
Isaiah Whitehead,2017,-0.1631209904559444,0.0021160033879127392,-0.16523699384385712,39.50617283950617,TRB%
JJ Redick,2007,-0.4920084093026643,-0.14452993010890663,-0.3474784791937577,26.337448559670783,TRB%
Ja Morant,2020,-0.00868052871643242,-0.15846893656056552,0.1497884078441331,64.60905349794238,TRB%
Ja'Kobe Walter,2025,0.14528620440605042,0.046810760838147066,0.09847544356790336,61.31687242798354,TRB%
Jabari Brown,2015,-1.3333767931469307,0.010611378512569797,-1.3439881716595006,0.411522633744856,TRB%
Jaden Hardy,2023,0.027223221714025882,-0.0392055697719447,0.06642879148597058,59.67078189300411,TRB%
Jaden Ivey,2023,-0.10973983153165137,0.024930014279448763,-0.13466984581110014,42.38683127572017,TRB%
Jahmai Mashack,2026,-0.17931041592705346,0.05634394052334396,-0.23565435645039742,32.92181069958848,TRB%
Jalen Brunson,2019,-0.27416329861285665,-0.14529077732537643,-0.12887252128748022,42.79835390946502,TRB%
Jalen Green,2022,-0.31847261960268036,0.07900889863681995,-0.3974815182395003,23.456790123456788,TRB%
Jalen Suggs,2022,0.07782674641540542,0.03000288919183648,0.04782385722356894,56.37860082304527,TRB%
Jalen Williams,2023,0.23266780158254222,0.1717282253496758,0.060939576232866416,58.43621399176955,TRB%
Jamal Murray,2017,0.034179680559777686,0.027802482654887967,0.00637719790488972,53.086419753086425,TRB%
Jamal Shead,2025,-1.0851520677292181,-0.2418061994970644,-0.8433458682321537,5.761316872427984,TRB%
James Harden,2010,0.8561750109253563,0.17538521608217061,0.6807897948431857,88.06584362139918,TRB%
Jared McCain,2025,-0.6750059770174619,-0.011709021175546605,-0.6632969558419153,13.580246913580247,TRB%
Jarrett Jack,2006,-0.180967618907043,-0.015361210214562326,-0.16560640869248067,39.09465020576132,TRB%
Jase Richardson,2026,-0.34488094882551795,-0.18573747649827563,-0.15914347232724232,40.32921810699588,TRB%
Javaris Crittenton,2008,1.4067375993897602,0.1101389092934453,1.296598690096315,98.35390946502058,TRB%
Javon Small,2026,0.416743502507419,-0.2385719112208193,0.6553154137282383,86.41975308641975,TRB%
Jaylen Clark,2025,-0.6066482952321695,0.11037896931283074,-0.7170272645450002,10.699588477366255,TRB%
Jeff Teague,2010,-0.37511022124177545,-0.12004644047551952,-0.2550637807662559,30.864197530864196,TRB%
Jeremiah Fears,2026,0.2180588630292614,-0.057692854702579566,0.27575171773184093,72.8395061728395,TRB%
Jerian Grant,2016,-0.060486682726056826,-0.021168432453556065,-0.03931825027250076,50.617283950617285,TRB%
Jerryd Bayless,2009,-0.38453004155056597,-0.1317486400644064,-0.2527814014861596,31.275720164609055,TRB%
Jimmer Fredette,2012,-1.3083530871799285,-0.19917436426200888,-1.1091787229179195,2.4691358024691357,TRB%
Jodie Meeks,2010,0.764968697431495,0.0559355161297688,0.7090331813017262,88.88888888888889,TRB%
John Jenkins,2013,0.07631575877040503,0.041132760458157995,0.035182998312247034,55.55555555555556,TRB%
John Wall,2011,0.3120598638344394,-0.06110662933227565,0.373166493166715,79.42386831275721,TRB%
Jordan Clarkson,2015,0.4313866095475364,0.0376810898637918,0.39370551968374456,81.89300411522635,TRB%
Jordan Crawford,2011,-0.1686286220720261,0.05009182053825549,-0.21872044261028162,34.15637860082305,TRB%
Jordan Farmar,2007,0.1280838218343924,-0.18143284794457074,0.30951666977896314,76.13168724279835,TRB%
Jordan Hawkins,2024,-0.06789687326190444,0.11957393958432452,-0.18747081284622896,38.2716049382716,TRB%
Jordan Poole,2020,-0.6690558454080342,0.08847635564767958,-0.7575322010557137,8.641975308641975,TRB%
Josh Christopher,2022,0.3660444671558313,0.054543639251325875,0.3115008279045054,76.5432098765432,TRB%
Josh Hart,2018,0.8663346139525204,0.1448706288662796,0.7214639850862408,89.30041152263375,TRB%
Josh Okogie,2019,0.06808811114823926,0.04183534467267594,0.02625276647556332,54.73251028806584,TRB%
Josh Richardson,2016,-0.3796702546497105,0.10797690050925021,-0.48764715515896073,18.106995884773664,TRB%
JosÃ© CalderÃ³n,2006,-0.268589890220813,-0.010376441627289068,-0.2582134485935239,30.45267489711934,TRB%
Jrue Holiday,2010,0.08092134622753272,0.02372311151373415,0.05719823471379857,58.0246913580247,TRB%
Juan Carlos Navarro,2008,-0.3487987304469315,0.01823764277803997,-0.36703637322497146,25.102880658436217,TRB%
KJ Simpson,2025,-0.1623233636277666,-0.16714869387667364,0.00482533024890705,52.674897119341566,TRB%
Kam Jones,2026,-0.5766796948833683,0.06273513957962579,-0.6394148344629942,13.991769547325102,TRB%
Kasparas JakuÄionis,2026,0.18494475644956831,0.013462239990370687,0.17148251645919763,66.2551440329218,TRB%
Keaton Wallace,2025,-0.6408271361248157,-0.15659416037356888,-0.4842329757512468,18.930041152263374,TRB%
Kelenna Azubuike,2007,0.7998504055662037,0.11000258368899171,0.6898478218772119,88.47736625514403,TRB%
Kendall Marshall,2013,-0.7898681032736921,-0.041335281704265356,-0.7485328215694267,9.465020576131687,TRB%
Kendrick Nunn,2020,-0.6277823881148092,-0.08456371220342493,-0.5432186759113843,15.637860082304528,TRB%
Kentavious Caldwell-Pope,2014,-0.25495079418076916,0.10330865465510573,-0.3582594488358749,25.925925925925924,TRB%
Keon Johnson,2022,-0.1383365441399142,0.10331539297323701,-0.2416519371131512,32.098765432098766,TRB%
Keyonte George,2024,-0.4412860966945084,-0.004283081231568029,-0.4370030154629404,21.39917695473251,TRB%
Killian Hayes,2021,-0.5105421428808669,-0.070663421614795,-0.43987872126607186,20.98765432098765,TRB%
Kira Lewis Jr.,2021,-1.0789894481819473,-0.25536984438610744,-0.8236196037958399,6.584362139917696,TRB%
Klay Thompson,2012,-0.272137442133425,0.1440611465484592,-0.4161985886818842,21.810699588477366,TRB%
Kobi Simmons,2018,-0.6289546438375788,0.04661606957600032,-0.6755707134135791,12.345679012345679,TRB%
Kris Dunn,2017,0.1821551838215692,-0.11446401516603999,0.2966191989876092,74.07407407407408,TRB%
Ky Bowman,2020,-0.0499539860096574,-0.21909813776858014,0.16914415175892275,65.84362139917695,TRB%
Kyrie Irving,2012,0.3401718026667815,-0.14777784731303192,0.4879496499798134,84.36213991769547,TRB%
Landry Shamet,2019,-0.958666118135049,0.1818092323457422,-1.1404753504807912,1.646090534979424,TRB%
Langston Galloway,2015,0.627471432069144,-0.21826548061888015,0.8457369126880242,90.94650205761316,TRB%
Lonzo Ball,2018,1.2181673804913675,0.07923414182123055,1.138933238670137,95.47325102880659,TRB%
Luke Kennard,2018,-0.013247302394596837,0.10015378823514136,-0.11340109062973819,45.267489711934154,TRB%
Luther Head,2006,0.16952146634803664,0.009583259333961522,0.15993820701407513,65.4320987654321,TRB%
Malachi Flynn,2021,-0.023301595479940748,-0.24327871883737887,0.21997712335743813,69.54732510288066,TRB%
Malaki Branham,2023,-0.28094364808874817,0.09718046094486907,-0.37812410903361726,24.279835390946502,TRB%
Malcolm Brogdon,2017,-0.06447065494808346,0.08026420852242092,-0.14473486347050438,41.1522633744856,TRB%
Malcolm Delaney,2017,-0.2864339098407707,-0.12391932222573197,-0.16251458761503873,39.91769547325103,TRB%
Malik Monk,2018,-0.7169128354722905,-0.051693975102566014,-0.6652188603697244,13.168724279835391,TRB%
Manny Harris,2011,1.1292302898754303,0.11413015070202659,1.0151001391734038,93.4156378600823,TRB%
MarShon Brooks,2012,0.3401718026667815,0.11651476682928642,0.22365703583749508,69.95884773662551,TRB%
Marcelo Huertas,2016,-0.33407260151776014,-0.11952052128837533,-0.21455208022938482,35.390946502057616,TRB%
Marcus Sasser,2024,-0.5746393907775813,-0.26869382520380247,-0.30594556557377883,27.983539094650205,TRB%
Marcus Smart,2015,0.23530178702592916,-0.06728665427122592,0.30258844129715506,74.8971193415638,TRB%
Marcus Thornton,2010,0.17212765972139402,0.069139144971422,0.10298851474997202,61.72839506172839,TRB%
Marcus Williams,2007,0.5931529951871846,-0.06523100813899615,0.6583840033261807,86.83127572016461,TRB%
Mario Chalmers,2009,-0.48766411049823244,-0.12458853879861227,-0.3630755716996202,25.514403292181072,TRB%
Markel Brown,2015,0.7255138433299478,-0.04243463989777635,0.7679484832277241,90.12345679012346,TRB%
Matisse Thybulle,2020,-0.8341496745809348,0.1516101265378714,-0.9857598011188062,3.7037037037037033,TRB%
Matthew Dellavedova,2014,-0.25495079418076916,-0.046476813292046684,-0.2084739808887225,36.21399176954733,TRB%
Max Christie,2023,0.19842703827112268,0.09286351053616207,0.10556352773496061,62.55144032921811,TRB%
Mike Conley,2008,-0.3487987304469315,-0.22906842152669582,-0.11973030892023567,44.8559670781893,TRB%
Mike Taylor,2009,0.18270733766159897,-0.19243949499930418,0.37514683266090315,80.24691358024691,TRB%
MiloÅ¡ TeodosiÄ,2018,-0.15984428845244972,-0.009851121579303799,-0.14999316687314593,40.74074074074074,TRB%
Monta Ellis,2006,0.08189919503426663,-0.03707555192762854,0.11897474696189517,63.37448559670782,TRB%
Moses Moody,2022,0.18590839169306508,0.090169116234639,0.09573927545842609,60.90534979423868,TRB%
Nando De Colo,2013,0.9758143847392748,0.09732099200693603,0.8784933927323388,91.35802469135803,TRB%
Nate Wolters,2014,0.0002784318829786033,-0.01980739548370099,0.020085827366679593,53.49794238683128,TRB%
Nick Smith Jr.,2024,-0.49462741432773766,-0.11752870249279318,-0.3770987118349445,24.691358024691358,TRB%
Nickeil Alexander-Walker,2020,0.36278058692259385,0.1119420554025615,0.2508385315200323,72.0164609053498,TRB%
Nique Clifford,2026,0.44985760908711175,0.18313515996152585,0.2667224491255859,72.42798353909465,TRB%
Nolan Smith,2012,-0.13083530871799282,-0.1824084714621967,0.05157316274420387,56.79012345679012,TRB%
Nolan TraorÃ©,2026,-0.8084784409412187,-0.0756062373533186,-0.7328722035879001,9.876543209876543,TRB%
Norman Powell,2016,1.1250522987046567,-0.04127907996808787,1.1663313786727445,96.29629629629629,TRB%
Norris Cole,2012,-0.9315473980721092,-0.17845330392783773,-0.7530940941442714,9.053497942386832,TRB%
O.J. Mayo,2009,-0.023560800233733994,0.19173605536559613,-0.21529685559933012,34.97942386831276,TRB%
Ochai Agbaji,2023,-0.6233512812029418,0.14087294486227664,-0.7642242260652184,8.23045267489712,TRB%
Orien Greene,2006,0.34476600897557663,-0.007488723905473286,0.3522547328810499,76.95473251028807,TRB%
Orlando Johnson,2013,1.375591551836551,0.1090802171690666,1.2665113346674843,97.94238683127571,TRB%
Pablo Prigioni,2013,0.27620434231904273,-0.0976489006472511,0.37385324296629385,79.83539094650206,TRB%
Patrick Beverley,2013,0.9758143847392748,-0.2345879959953428,1.2104023807346176,97.11934156378601,TRB%
Payton Pritchard,2021,-0.023301595479940748,-0.1680731445417177,0.14477154906177697,64.19753086419753,TRB%
Pelle Larsson,2025,-0.2990387271983521,0.0974287245207971,-0.3964674517191492,23.868312757201647,TRB%
Quentin Grimes,2022,-0.10230932904736076,0.02460802702716526,-0.12691735607452603,43.20987654320987,TRB%
R.J. Hampton,2021,1.5196268046229913,0.02795517340162855,1.4916716312213627,99.1769547325103,TRB%
Rajon Rondo,2007,1.7299887522717885,-0.23414040978685582,1.9641291620586443,100.0,TRB%
Randy Foye,2007,0.386455584808166,-0.01531245489164571,0.40176803969981173,82.71604938271605,TRB%
Rashad McCants,2006,-0.04953421193638818,0.02147490654848362,-0.07100911848487179,48.148148148148145,TRB%
Raul Neto,2016,-0.7444514797053146,-0.18815995543018602,-0.5562915242751285,14.814814814814813,TRB%
Ray McCallum,2014,-0.3477614218403139,-0.1343073186574794,-0.21345410318283448,35.80246913580247,TRB%
Raymond Felton,2006,-0.00572307627950298,-0.18420036992474756,0.1784772936452446,67.07818930041152,TRB%
Reed Sheppard,2025,-0.33321756809099834,-0.1970165536281887,-0.13620101446280963,41.9753086419753,TRB%
Reggie Jackson,2012,-0.13083530871799282,-0.19798805748437756,0.06715274876638475,60.08230452674898,TRB%
Ricky Rubio,2012,0.19886966925134927,-0.18162218377914457,0.3804918530304938,80.65843621399176,TRB%
Rob Dillingham,2025,-0.6750059770174619,-0.1894968790480434,-0.4855090979694185,18.51851851851852,TRB%
Rodney McGruder,2017,0.15749259994460402,0.049456963662363025,0.108035636282241,62.96296296296296,TRB%
Rodney Stuckey,2008,0.4035739823402221,0.04193807103446928,0.36163591130575284,77.77777777777779,TRB%
Roko UkiÄ,2009,-0.642365213919732,0.05366357579491149,-0.6960287897146435,11.934156378600823,TRB%
Ron Baker,2017,-0.08913323882504864,0.036540111410200415,-0.12567335023524906,43.62139917695473,TRB%
Russell Westbrook,2009,1.2656150616120958,0.038189178353203325,1.2274258832588925,97.53086419753086,TRB%
Saben Lee,2021,-0.023301595479940748,-0.21685228688009603,0.1935506914001553,67.90123456790124,TRB%
Salim Stoudamire,2006,-0.35621216153458296,-0.15992435990479342,-0.19628780162978954,37.4485596707819,TRB%
Scoot Henderson,2024,-0.3079328026114355,-0.06422596647825807,-0.24370683613317745,31.68724279835391,TRB%
Semaj Christon,2017,-0.4097468292255971,-0.08871911784614107,-0.321027711379456,27.572016460905353,TRB%
Sergio RodrÃ­guez,2007,0.23143252702390146,-0.13517711748264624,0.3666096445065477,78.60082304526749,TRB%
Shaedon Sharpe,2023,0.1299455116482839,0.17605891065334228,-0.04611339900505837,50.20576131687243,TRB%
Shelvin Mack,2012,0.19886966925134927,-0.10714199531249308,0.3060116645638423,75.7201646090535,TRB%
Sindarius Thornwell,2018,0.016072094816973893,-0.008621465730887137,0.02469356054786103,54.32098765432099,TRB%
Sion James,2026,0.5823140354058834,0.14766274666760826,0.4346512887382752,83.53909465020575,TRB%
Stephen Curry,2010,0.26333397321525576,-0.09078012762990856,0.3541141008451643,77.36625514403292,TRB%
Sterling Brown,2018,1.2181673804913675,0.10367559599470694,1.1144917844966606,95.06172839506173,TRB%
T.J. McConnell,2016,0.9882593393088049,-0.2171472724789774,1.2054066117877824,96.70781893004116,TRB%
Terence Davis,2020,1.5184373911328974,0.06301355739997838,1.455423833732919,98.76543209876543,TRB%
ThÃ©o Maledon,2021,-0.307525248130481,0.021207099193282723,-0.3287323473237637,26.74897119341564,TRB%
Tim Hardaway Jr.,2014,-0.6261933048189479,0.1461168517777857,-0.7723101565967335,7.4074074074074066,TRB%
Toney Douglas,2010,-0.28390390774791413,-0.1791190956884104,-0.10478481205950374,45.67901234567901,TRB%
Trae Young,2019,-0.04599569210545938,-0.14939638457977564,0.10340069247431626,62.139917695473244,TRB%
Tre Johnson,2026,-0.2455386290864393,0.15223955724645322,-0.3977781863328925,23.045267489711936,TRB%
Tre Mann,2022,-0.10230932904736076,-0.0007371973576829842,-0.10157213168967777,46.09053497942387,TRB%
Tyler Dorsey,2018,0.22130787529796797,0.022336867283548376,0.19897100801441958,68.72427983539094,TRB%
Tyler Herro,2020,0.6929682452683951,0.1265313338566119,0.5664369114117832,85.18518518518519,TRB%
Tyler Johnson,2015,0.921598665851555,-0.06696518986130157,0.9885638557128567,93.00411522633745,TRB%
Tyrese Haliburton,2021,-0.5917489007810213,0.08187951815085519,-0.6736284189318764,12.757201646090536,TRB%
Tyrese Maxey,2021,-0.34812862708055836,-0.10703371119533525,-0.2410949158852231,32.510288065843625,TRB%
Tyrese Proctor,2026,-0.17931041592705346,-0.05759038779572838,-0.12172002813132508,44.44444444444444,TRB%
Tyrone Wallace,2018,0.04539149202854437,-0.01846264944758095,0.06385414147612531,58.8477366255144,TRB%
VJ Edgecombe,2026,0.5823140354058834,0.1141646504708474,0.46814938493503605,83.9506172839506,TRB%
Vasilije MiciÄ,2024,-0.8413459789437272,-0.07253704083244528,-0.7688089381112819,7.818930041152264,TRB%
Victor Oladipo,2014,0.23230500103184026,-0.0732601598875497,0.30556516091938996,75.30864197530865,TRB%
Walter Clayton,2026,-0.5766796948833683,-0.020967245341629945,-0.5557124495417384,15.22633744855967,TRB%
Wayne Ellington,2010,0.08092134622753272,0.026873726735432188,0.05404761949210053,57.20164609053497,TRB%
Wesley Matthews,2010,-0.28390390774791413,0.13010611701769886,-0.414010024765613,22.22222222222222,TRB%
Will Barton,2013,1.209017732212686,0.09651144856680985,1.1125062836458761,94.65020576131687,TRB%
Will Richard,2026,-0.013739883028588955,0.010757910860557357,-0.024497793889146312,51.028806584362144,TRB%
Zach LaVine,2015,0.08823817013472365,0.06594793066680882,0.022290239467914835,53.90946502057613,TRB%
Å arÅ«nas JasikeviÄius,2006,-0.3124010258776978,-0.04004084906107124,-0.27236017681662655,30.04115226337449,TRB%
A.J. Price,2010,-0.5312329811684332,-0.1373150588152419,-0.39391792235319134,28.39506172839506,ORB%
AJ Johnson,2025,-0.7019896959894203,0.2127007681836747,-0.914690464173095,2.05761316872428,ORB%
Aaron Wiggins,2022,0.8940392981321966,0.21087720068633323,0.6831620974458634,89.30041152263375,ORB%
Acie Law,2008,-0.488487545405989,-0.05189462240193719,-0.4365929230040518,24.279835390946502,ORB%
Ajay Mitchell,2025,-0.06611537302947447,0.07419005477695215,-0.14030542780642663,46.50205761316872,ORB%
Alec Burks,2012,2.0240868656003226,0.18051923383269322,1.8435676317676293,98.76543209876543,ORB%
Alex Caruso,2018,0.18292948565743444,0.1320412719571003,0.05088821370033414,61.72839506172839,ORB%
Allan Ray,2007,0.11975611016760536,-0.09089314995442177,0.21064926012202712,69.1358024691358,ORB%
Allonzo Trier,2019,-0.06339728291829697,0.13357157923553817,-0.19696886215383513,43.20987654320987,ORB%
Andrew Nembhard,2023,-0.3785839324890924,0.1300024078843636,-0.508586340373456,18.930041152263374,ORB%
Anthony Edwards,2021,0.10447020126481063,0.15310158271637717,-0.048631381451566535,52.674897119341566,ORB%
Anthony Morrow,2009,1.7811067105682572,0.19712758287763094,1.5839791276906263,97.94238683127571,ORB%
Antonio Reeves,2025,-0.19329023762146358,0.1735483370862642,-0.36683857470772774,30.45267489711934,ORB%
Archie Goodwin,2014,0.4276284146616185,0.19507875543149117,0.23254965923012733,70.37037037037037,ORB%
Armoni Brooks,2021,-0.24553933817008933,-0.007167134438323557,-0.23837220373176576,40.32921810699588,ORB%
Arron Afflalo,2008,0.9421289333059928,0.18536095219995405,0.7567679811060387,91.35802469135803,ORB%
Austin Reaves,2022,0.46046084720711533,0.22951686302185761,0.23094398418525772,69.95884773662551,ORB%
Austin Rivers,2013,-0.44060695613669243,0.12596833723050363,-0.566575293367196,14.814814814814813,ORB%
Ayo Dosunmu,2022,-0.5030468215152877,0.14581424403919516,-0.6488610655544829,9.465020576131687,ORB%
Ben McLemore,2014,0.01928631163524565,0.029593600294259916,-0.010307288659014265,56.37860082304527,ORB%
Bennedict Mathurin,2023,0.6923802107977249,0.22414564402729326,0.4682345667704317,81.48148148148148,ORB%
Blake Wesley,2023,-0.3785839324890924,0.11716145104742695,-0.4957453835365193,20.16460905349794,ORB%
Bobby Brown,2009,-0.435904366226569,-0.10281900564688767,-0.3330853605796813,32.510288065843625,ORB%
Bogdan BogdanoviÄ,2018,-0.3083560856380642,0.22788978726442483,-0.536245872902489,16.46090534979424,ORB%
Bones Hyland,2022,-0.599397588387528,-0.08170948133183917,-0.5176881070556888,17.695473251028808,ORB%
Bradley Beal,2013,0.1469922493196268,0.12047345327438083,0.026518796045245957,60.49382716049383,ORB%
Brandin Podziemski,2024,0.6770020011321033,0.14875092378184238,0.5282510773502609,83.9506172839506,ORB%
Brandon Jennings,2010,-0.2443769366496331,-0.17996648235957907,-0.06441045429005401,50.617283950617285,ORB%
Brandon Knight,2012,-0.37373450352035203,-0.10249457728179552,-0.27123992623855653,37.86008230452675,ORB%
Brandon Paul,2018,-0.49731207459787147,0.07767492284503641,-0.5749869974429078,13.991769547325102,ORB%
Brian Roberts,2013,-0.3566642125000754,-0.1975931145631851,-0.1590710979368903,44.8559670781893,ORB%
Bruce Brown,2019,0.7378739317435126,0.09010893140728325,0.6477650003362293,88.47736625514403,ORB%
Bub Carrington,2025,-0.6701959798414229,0.10110932209061538,-0.7713053019320383,5.349794238683128,ORB%
Buddy Hield,2017,-0.09084458108636814,0.1251031838382683,-0.21594776492463644,42.79835390946502,ORB%
C.J. Williams,2018,-0.19498249226217998,0.13619778813983788,-0.33118028040201786,32.92181069958848,ORB%
Caleb Love,2026,-0.24233732525544213,0.010415635872087055,-0.2527529611275292,38.68312757201646,ORB%
Cam Thomas,2022,-0.4548714380791675,0.04233842692751691,-0.4972098650066844,19.34156378600823,ORB%
Cameron Payne,2016,-0.4158334306430805,-0.12965405535226424,-0.2861793752908163,35.80246913580247,ORB%
Cason Wallace,2024,0.04450878208134939,0.054102283560456474,-0.009593501479107085,56.79012345679012,ORB%
Cedric Coward,2026,1.0968589858120328,0.22553280041193083,0.871326185400102,93.82716049382715,ORB%
Charles Jenkins,2012,-0.7498633457353598,-0.04009795501509782,-0.709765390720262,6.995884773662551,ORB%
Chris Duarte,2022,0.21958393002651455,0.2143230798825205,0.00526085014399405,58.0246913580247,ORB%
Coby White,2020,-0.3119916171605984,0.09026904354893742,-0.4022606607095358,27.983539094650205,ORB%
Cole Anthony,2021,0.2544742895940533,-0.10891321314184568,0.36338750273589904,78.18930041152264,ORB%
Collin Sexton,2019,-0.0017610356366195197,-0.013085645328847898,0.011324609692228378,59.25925925925925,ORB%
Courtney Lee,2009,-0.7769829934257729,0.21560894408263928,-0.9925919375084122,1.2345679012345678,ORB%
Craig Porter Jr.,2024,0.06559188938304121,-0.22967706412881245,0.29526895351185367,74.07407407407408,ORB%
D'Angelo Russell,2016,0.06055556972624698,-0.008624631228128694,0.06918020095437567,62.96296296296296,ORB%
Daequan Cook,2008,-0.488487545405989,0.21609096246213289,-0.7045785078681219,7.4074074074074066,ORB%
Damian Lillard,2013,-0.3566642125000754,-0.07621417212469418,-0.28045004037538124,36.62551440329218,ORB%
Daniel Ewing,2006,0.06726511468996521,0.0028325512439653366,0.06443256344599987,62.139917695473244,ORB%
Daniel Gibson,2007,0.23513756790899704,-0.14624394360770818,0.3813815115167052,79.01234567901234,ORB%
DantÃ© Exum,2015,-0.4113333111933173,0.14284471545547514,-0.5541780266487925,15.637860082304528,ORB%
Darius Garland,2020,-0.4465029730621738,-0.16107313340199958,-0.2854298396601742,36.21399176954733,ORB%
De'Aaron Fox,2018,-0.23277369005414136,-0.00807200710405636,-0.224701682950085,41.56378600823045,ORB%
De'Anthony Melton,2019,0.3064202007717688,-0.14869928580311118,0.45511948657488,80.65843621399176,ORB%
Dennis SchrÃ¶der,2014,-0.26341206738301254,-0.22356149125378932,-0.039850576129223214,53.086419753086425,ORB%
Dennis Smith Jr.,2018,0.0695558922815502,-0.07567172814148135,0.14522762042303156,66.2551440329218,ORB%
Denzel Valentine,2017,-0.5010280760149806,0.11381821452124069,-0.6148462905362213,12.345679012345679,ORB%
Deron Williams,2006,-0.41728181767845635,0.004065818713658048,-0.42134763639211437,26.337448559670783,ORB%
Derrick Rose,2009,0.7010243911041113,0.017148609665892146,0.6838757814382191,89.7119341563786,ORB%
Devin Booker,2016,-0.48388900212441305,0.2299507756818335,-0.7138397778062465,6.584362139917696,ORB%
Devonte' Graham,2019,-0.433214766608363,-0.21356568704699166,-0.21964907956137134,41.9753086419753,ORB%
Dion Waiters,2013,-0.398635584318384,0.031122227716267103,-0.4297578120346511,25.102880658436217,ORB%
Donovan Mitchell,2018,-0.043817701094334235,-0.03752064386000314,-0.006297057234331098,57.20164609053497,ORB%
Doron Lamb,2013,-0.3566642125000754,0.09288225926836802,-0.4495464717684434,23.045267489711936,ORB%
Drake Powell,2026,-0.6117707903775041,0.2172499355811697,-0.8290207259586738,3.7037037037037033,ORB%
Duane Washington Jr.,2022,-0.936625272440369,-0.12460295135130993,-0.812022321089059,4.11522633744856,ORB%
Dylan Harper,2026,0.31181287242765077,0.2159551546945467,0.09585771773310406,63.78600823045267,ORB%
Elfrid Payton,2015,1.2771993224267384,0.008931667418139048,1.2682676550085994,96.29629629629629,ORB%
Elie Okobo,2019,-0.5564872611717184,-0.060169413756266665,-0.49631784741545176,19.753086419753085,ORB%
Emmanuel Mudiay,2016,-0.27972228768041557,-0.03069678423498827,-0.2490255034454273,39.09465020576132,ORB%
Eric Bledsoe,2011,0.9329717692274603,-0.21254901501966234,1.1455207842471227,95.88477366255144,ORB%
Eric Gordon,2009,-0.322211490493501,0.06093408650504764,-0.3831455769985487,28.80658436213992,ORB%
Eric Maynor,2010,-0.2443769366496331,-0.01758174960371035,-0.22679518704592275,41.1522633744856,ORB%
Ethan Thompson,2026,-0.14997895897492675,0.11205383613254213,-0.2620327951074689,38.2716049382716,ORB%
Frank Jackson,2019,-0.06339728291829697,-0.047955569400914416,-0.01544171351738255,55.144032921810705,ORB%
Frank Ntilikina,2018,-0.006026503302372763,0.04366156711986896,-0.04968807042224172,52.2633744855967,ORB%
Gary Harris,2015,0.29676101903444807,0.07487356012598437,0.2218874589084637,69.54732510288066,ORB%
Gary Neal,2011,-0.4722497939733552,0.09807689550138227,-0.5703266894747374,14.40329218106996,ORB%
George Hill,2009,0.24625288817183907,0.04888231342367372,0.19737057474816536,67.48971193415639,ORB%
Goran DragiÄ,2009,1.7242602727017233,0.041802254600264266,1.682458018101459,98.35390946502058,ORB%
Hamidou Diallo,2019,3.018415081165586,0.1937514923602417,2.824663588805344,100.0,ORB%
Iman Shumpert,2012,0.09642654924840757,0.1532249727623298,-0.056798423513922225,51.440329218106996,ORB%
Immanuel Quickley,2021,-0.1455366126172607,-0.12263465358781189,-0.022901959029448804,54.73251028806584,ORB%
Isaac Okoro,2021,0.45447974069971037,0.16055076044749148,0.2939289802522189,73.66255144032921,ORB%
Isaiah Briscoe,2019,-0.8646684975801067,-0.06406283355796642,-0.8006056640221403,4.526748971193416,ORB%
Isaiah Collier,2025,-0.5112273991014364,0.04814848596322251,-0.559375885064659,15.22633744855967,ORB%
Isaiah Whitehead,2017,-0.03957164422029154,0.07875063786148043,-0.11832228208177197,47.73662551440329,ORB%
JJ Redick,2007,-0.4571511785393525,-0.07447496528672776,-0.38267621325262474,29.218106995884774,ORB%
Ja Morant,2020,0.2260538064457032,-0.10455760713716694,0.33061141358287016,74.8971193415638,ORB%
Ja'Kobe Walter,2025,0.6651400983744631,0.10304161670474757,0.5620984816697155,85.18518518518519,ORB%
Jabari Brown,2015,-1.0104900521552724,0.07068901804297974,-1.0811790701982522,0.823045267489712,ORB%
Jaden Hardy,2023,-0.42142249822056504,0.0016074648194379995,-0.42302996304000307,25.925925925925924,ORB%
Jaden Ivey,2023,0.2639945534829979,0.06467599601573501,0.19931855746726287,67.90123456790124,ORB%
Jahmai Mashack,2026,0.2194545061471354,0.10649830404864628,0.11295620209848913,64.19753086419753,ORB%
Jalen Brunson,2019,-0.3715785193266854,-0.09879114445483414,-0.27278737487185123,37.4485596707819,ORB%
Jalen Green,2022,-0.3585206712069272,0.13677731897963932,-0.4952979901865665,20.5761316872428,ORB%
Jalen Suggs,2022,-0.16581913746244656,0.12936880947925128,-0.2951879469416978,35.390946502057616,ORB%
Jalen Williams,2023,0.47818738214036133,0.24104410636290657,0.23714327577745475,71.19341563786008,ORB%
Jamal Murray,2017,0.21679304011009123,0.09440754351612228,0.12238549659396895,65.4320987654321,ORB%
Jamal Shead,2025,-0.4476399668054418,-0.20582885934032968,-0.24181110746511214,39.50617283950617,ORB%
James Harden,2010,0.4440775701954873,0.2390614230027706,0.2050161471927167,68.72427983539094,ORB%
Jared McCain,2025,-0.35225881836145,0.021548908391929866,-0.37380772675337987,30.04115226337449,ORB%
Jarrett Jack,2006,-0.6375304233004662,0.027694963734057856,-0.665225387034524,9.053497942386832,ORB%
Jase Richardson,2026,0.4041712387081664,-0.17587907644187445,0.5800503151500409,85.59670781893004,ORB%
Javaris Crittenton,2008,0.9932223789742777,0.17990862099050053,0.8133137579837771,92.5925925925926,ORB%
Javon Small,2026,0.6812463375497128,-0.20901197981294314,0.8902583173626559,94.23868312757202,ORB%
Jaylen Clark,2025,0.6651400983744631,0.17869922026158822,0.48644087811287484,82.3045267489712,ORB%
Jeff Teague,2010,-0.9328314434947533,-0.054942271041294774,-0.8778891724534585,2.4691358024691357,ORB%
Jeremiah Fears,2026,-0.05762059269441116,0.00496674499342517,-0.06258733768783632,51.028806584362144,ORB%
Jerian Grant,2016,-0.0755555732364181,0.057640125554930546,-0.13319569879134863,46.913580246913575,ORB%
Jerryd Bayless,2009,-0.549597241959637,-0.06443460760225436,-0.4851626343573826,21.39917695473251,ORB%
Jimmer Fredette,2012,-0.467766714074104,-0.14392995244487353,-0.3238367616292305,33.744855967078195,ORB%
Jodie Meeks,2010,-0.5886041900721933,0.10659480717700202,-0.6951989972491953,8.23045267489712,ORB%
John Jenkins,2013,-0.06286460977191576,0.09692854827720285,-0.1597931580491186,44.44444444444444,ORB%
John Wall,2011,-0.4722497939733552,0.006744667507360214,-0.4789944614807154,22.22222222222222,ORB%
Jordan Clarkson,2015,0.8414489653634983,0.1367235155239274,0.704725449839571,90.94650205761316,ORB%
Jordan Crawford,2011,0.44841260950304096,0.10486985371346935,0.3435427557895716,76.13168724279835,ORB%
Jordan Farmar,2007,-0.22638826305656942,-0.13079847745792295,-0.09558978559864648,49.794238683127574,ORB%
Jordan Hawkins,2024,-0.12415607633218508,0.1913704029009016,-0.3155264792330867,34.15637860082305,ORB%
Jordan Poole,2020,-1.0518040746192632,0.13633459897991743,-1.1881386735991806,0.411522633744856,ORB%
Josh Christopher,2022,0.8940392981321966,0.11098792050391085,0.7830513776282858,92.18106995884774,ORB%
Josh Hart,2018,0.2585118812413574,0.21333262588370652,0.045179255357650855,61.31687242798354,ORB%
Josh Okogie,2019,0.12151145892673591,0.1050476417561287,0.016463817170607215,59.67078189300411,ORB%
Josh Richardson,2016,0.06055556972624698,0.18205582965881825,-0.12150025993257127,47.325102880658434,ORB%
JosÃ© CalderÃ³n,2006,-0.1529834909320446,0.03050324147068224,-0.18348673240272684,44.03292181069959,ORB%
Jrue Holiday,2010,0.7309336147142874,0.09632912697109061,0.6346044877431968,88.06584362139918,ORB%
Juan Carlos Navarro,2008,-0.3863006540694189,0.05791348636336443,-0.4442141404327833,23.456790123456788,ORB%
KJ Simpson,2025,0.4107903691904849,-0.12210423650156674,0.5328946056920516,84.36213991769547,ORB%
Kam Jones,2026,-0.24233732525544213,0.11086701058079843,-0.35320433583624056,31.275720164609055,ORB%
Kasparas JakuÄionis,2026,0.7274255206899707,0.11354336534555728,0.6138821553444134,86.83127572016461,ORB%
Keaton Wallace,2025,-0.6384022636934256,-0.08474895619494298,-0.5536533074984826,16.049382716049383,ORB%
Kelenna Azubuike,2007,0.8120448566159549,0.17971595888568234,0.6323288977302726,87.65432098765432,ORB%
Kendall Marshall,2013,-0.734406558864852,0.03726642162231949,-0.7716729804871715,4.938271604938271,ORB%
Kendrick Nunn,2020,-0.7155256848653246,-0.016856752804345294,-0.6986689320609794,7.818930041152264,ORB%
Kentavious Caldwell-Pope,2014,-0.012124619366783062,0.18271738007704608,-0.19484199944382913,43.62139917695473,ORB%
Keon Johnson,2022,0.6049869975154759,0.1748643036553642,0.4301226938601117,79.83539094650206,ORB%
Keyonte George,2024,-0.545818222366021,0.07724070698347003,-0.623058929349491,11.934156378600823,ORB%
Killian Hayes,2021,-0.7455529659342319,0.014615453153538722,-0.7601684190877707,5.761316872427984,ORB%
Kira Lewis Jr.,2021,-0.545547514828575,-0.22116661946939703,-0.32438089535917797,33.33333333333333,ORB%
Klay Thompson,2012,-0.4207506087972281,0.214019062658436,-0.6347696714556641,10.2880658436214,ORB%
Kobi Simmons,2018,0.03176469448958871,0.1361496497524103,-0.1043849552628216,48.559670781893004,ORB%
Kris Dunn,2017,-0.03957164422029154,-0.04523906490943202,0.00566742068914048,58.43621399176955,ORB%
Ky Bowman,2020,0.15879812849491542,-0.19251945324722305,0.35131758174213845,76.95473251028807,ORB%
Kyrie Irving,2012,0.23747486507903562,-0.10098059962771219,0.3384554647067478,75.7201646090535,ORB%
Landry Shamet,2019,-0.618123508453396,0.24452834505961482,-0.8626518535130109,3.292181069958848,ORB%
Langston Galloway,2015,0.242292224401543,-0.1879641876238937,0.4302564120254367,80.24691358024691,ORB%
Lonzo Ball,2018,0.6742150569529333,0.17111028606585316,0.5031047708870802,83.1275720164609,ORB%
Luke Kennard,2018,-0.3083560856380642,0.17924699831120658,-0.48760308394927077,20.98765432098765,ORB%
Luther Head,2006,-0.4613315388028584,0.05302498602759245,-0.5143565248304508,18.51851851851852,ORB%
Malachi Flynn,2021,-0.6955516031578176,-0.2117324406410878,-0.48381916251672985,21.810699588477366,ORB%
Malaki Branham,2023,-0.3785839324890924,0.1454207297254329,-0.5240046622145254,17.28395061728395,ORB%
Malcolm Brogdon,2017,0.3193389138422442,0.13635106941588296,0.18298784442636126,67.07818930041152,ORB%
Malcolm Delaney,2017,-0.6548468866132103,-0.0532040611512445,-0.6016428254619658,12.757201646090536,ORB%
Malik Monk,2018,-0.5351032723898329,-0.006621916040819041,-0.5284813563490138,16.872427983539097,ORB%
Manny Harris,2011,0.8845158532550181,0.1852053539685752,0.699310499286443,90.53497942386831,ORB%
MarShon Brooks,2012,1.036748654785927,0.1933655471656922,0.8433831076202348,93.4156378600823,ORB%
Marcelo Huertas,2016,0.06055556972624698,-0.0532107803341767,0.11376635006042368,64.60905349794238,ORB%
Marcus Sasser,2024,-0.5247351150643292,-0.2273635886366737,-0.2973715264276555,34.97942386831276,ORB%
Marcus Smart,2015,0.6235737868318783,-0.005046253328520976,0.6286200401603992,87.24279835390946,ORB%
Marcus Thornton,2010,1.1325320770406078,0.1268908979175288,1.005641179123079,95.06172839506173,ORB%
Marcus Williams,2007,-0.11100680531517773,-0.007851085279609284,-0.10315572003556844,48.971193415637856,ORB%
Mario Chalmers,2009,-0.435904366226569,-0.07382280716422449,-0.3620815590623445,30.864197530864196,ORB%
Markel Brown,2015,-0.08452054339588722,-0.00020773021460666202,-0.08431281318128056,50.20576131687243,ORB%
Matisse Thybulle,2020,1.0331219418551554,0.21692925272074895,0.8161926891344065,93.00411522633745,ORB%
Matthew Dellavedova,2014,-0.012124619366783062,0.00105546575966773,-0.013180085126450792,55.96707818930041,ORB%
Max Christie,2023,-0.5499381954149831,0.1652523359313212,-0.7151905313463043,6.172839506172839,ORB%
Mike Conley,2008,-0.437394099737704,-0.19687713500169962,-0.24051696473600437,39.91769547325103,ORB%
Mike Taylor,2009,0.4167922017714413,-0.14202202581843731,0.5588142275898786,84.77366255144034,ORB%
MiloÅ¡ TeodosiÄ,2018,-0.3083560856380642,0.09743969587842566,-0.4057957815164899,27.572016460905353,ORB%
Monta Ellis,2006,-0.020834327558838604,0.004810664689346288,-0.02564499224818489,53.90946502057613,ORB%
Moses Moody,2022,0.36411008033487513,0.16404003721178625,0.20007004312308888,68.3127572016461,ORB%
Nando De Colo,2013,0.3148777365928608,0.17227052251199165,0.14260721408086913,65.84362139917695,ORB%
Nate Wolters,2014,0.034991777136259936,0.0590683724357979,-0.024076595299537963,54.32098765432099,ORB%
Nick Smith Jr.,2024,-0.1452391836338768,-0.09026982191889574,-0.05496936171498107,51.85185185185185,ORB%
Nickeil Alexander-Walker,2020,-0.4465029730621738,0.18050329315009564,-0.6270062662122694,11.11111111111111,ORB%
Nique Clifford,2026,0.31181287242765077,0.24624911117271944,0.06556376125493132,62.55144032921811,ORB%
Nolan Smith,2012,0.47255539146341546,-0.13641179358340474,0.6089671850468202,86.41975308641975,ORB%
Nolan TraorÃ©,2026,-0.8888458892190507,-0.016402360416350723,-0.8724435288027,2.880658436213992,ORB%
Norman Powell,2016,0.3327778556515768,0.00017687752861519912,0.33260097812296163,75.30864197530865,ORB%
Norris Cole,2012,-0.23268618768972413,-0.1270183397074053,-0.10566784798231882,48.148148148148145,ORB%
O.J. Mayo,2009,-0.15167217689389884,0.2637888122862207,-0.41546098918011953,27.160493827160494,ORB%
Ochai Agbaji,2023,0.47818738214036133,0.20804871808571698,0.2701386640546444,72.0164609053498,ORB%
Orien Greene,2006,0.41966288368518107,0.06780689646136794,0.3518559872238131,77.36625514403292,ORB%
Orlando Johnson,2013,0.5667059675027118,0.1785690487818799,0.38813691872083195,79.42386831275721,ORB%
Pablo Prigioni,2013,0.5667059675027118,-0.033035844597243576,0.5997418120999555,86.0082304526749,ORB%
Patrick Beverley,2013,2.03570398114351,-0.17468106433693836,2.2103850454804483,99.1769547325103,ORB%
Payton Pritchard,2021,0.20447292681763904,-0.15636734163339727,0.36084026845103634,77.77777777777779,ORB%
Pelle Larsson,2025,0.15644064000650662,0.17112871904540608,-0.01468807903889946,55.55555555555556,ORB%
Quentin Grimes,2022,0.36411008033487513,0.08329709446416708,0.280812985870708,72.8395061728395,ORB%
R.J. Hampton,2021,0.45447974069971037,0.08675447111127577,0.3677252695884346,78.60082304526749,ORB%
Rajon Rondo,2007,1.100498500969434,-0.19675410159876477,1.2972526025681987,96.70781893004116,ORB%
Randy Foye,2007,0.23513756790899704,0.0675519567262623,0.16758561118273474,66.66666666666666,ORB%
Rashad McCants,2006,-0.0648840486832406,0.08601634233601496,-0.15090039101925556,45.267489711934154,ORB%
Raul Neto,2016,-0.5519445736057454,-0.13230136526046732,-0.41964320834527813,26.74897119341564,ORB%
Ray McCallum,2014,-0.059241015869826066,-0.06423961284131374,0.004998596971487676,57.61316872427984,ORB%
Raymond Felton,2006,0.33156344143637706,-0.15356739695893196,0.485130838395309,81.89300411522635,ORB%
Reed Sheppard,2025,-0.2886713860654554,-0.146550436672724,-0.1421209493927314,46.09053497942387,ORB%
Reggie Jackson,2012,0.37852318090966347,-0.14864836115515148,0.527171542064815,83.53909465020575,ORB%
Ricky Rubio,2012,-0.467766714074104,-0.12815790898652601,-0.33960880508757796,31.68724279835391,ORB%
Rob Dillingham,2025,-0.2886713860654554,-0.14203951130092624,-0.14663187476452916,45.67901234567901,ORB%
Rodney McGruder,2017,1.5498893986280817,0.11271396839990913,1.4371754302281725,97.53086419753086,ORB%
Rodney Stuckey,2008,0.4822879222914271,0.13646672819932518,0.3458211940921019,76.5432098765432,ORB%
Roko UkiÄ,2009,0.6441779532375772,0.1437151624918755,0.5004627907457018,82.71604938271605,ORB%
Ron Baker,2017,-0.3472092654167509,0.09302683823475602,-0.4402361036515069,23.868312757201647,ORB%
Russell Westbrook,2009,2.9180354678989375,0.1153529499220343,2.802682517976903,99.58847736625515,ORB%
Saben Lee,2021,0.15447156404122472,-0.160551785330613,0.31502334937183774,74.48559670781893,ORB%
Salim Stoudamire,2006,-0.7256298655492701,-0.1504364768567502,-0.5751933886925199,13.580246913580247,ORB%
Scoot Henderson,2024,-0.0398236471254178,-0.003093395807000076,-0.03673025131841772,53.49794238683128,ORB%
Semaj Christon,2017,0.011701292645785065,-0.02879763433390046,0.040498926979685525,60.90534979423868,ORB%
Sergio RodrÃ­guez,2007,0.004374652426213687,-0.06521339234884121,0.0695880447750549,63.37448559670782,ORB%
Shaedon Sharpe,2023,0.521025947871834,0.2399388592098032,0.2810870886620308,73.25102880658436,ORB%
Shelvin Mack,2012,-0.4207506087972281,-0.044568517343516925,-0.3761820914537112,29.629629629629626,ORB%
Sindarius Thornwell,2018,0.2963030790333189,0.06123621902238784,0.23506686001093102,70.78189300411523,ORB%
Sion James,2026,-0.011441409554153362,0.21885011808246002,-0.23029152763661337,40.74074074074074,ORB%
Stephen Curry,2010,-0.3591193544571531,-0.045644055444095576,-0.31347529901305754,34.5679012345679,ORB%
Sterling Brown,2018,0.6364238591609717,0.1758396891269091,0.4605841700340626,81.06995884773663,ORB%
T.J. McConnell,2016,0.4688889986142416,-0.18578985616785945,0.6546788547821011,88.88888888888889,ORB%
Terence Davis,2020,1.5039116875106695,0.11633885170092395,1.3875728358097454,97.11934156378601,ORB%
ThÃ©o Maledon,2021,-0.545547514828575,0.0945078488595123,-0.6400553636880872,9.876543209876543,ORB%
Tim Hardaway Jr.,2014,-0.21629567087996954,0.21795495716808272,-0.43425062804805226,24.691358024691358,ORB%
Toney Douglas,2010,0.9604184503293273,-0.12906049874964395,1.0894789490789711,95.47325102880659,ORB%
Trae Young,2019,0.1831477062084136,-0.09383347437491503,0.27698118058332866,72.42798353909465,ORB%
Tre Johnson,2026,-0.4732332409567309,0.21879290255211828,-0.6920261435088492,8.641975308641975,ORB%
Tre Mann,2022,-0.26216990433468695,0.07412670833039006,-0.33629661266507704,32.098765432098766,ORB%
Tyler Dorsey,2018,-0.19498249226217998,0.08323242275953106,-0.27821491502171103,37.03703703703704,ORB%
Tyler Herro,2020,-0.7155256848653246,0.19976299270733955,-0.9152886775726642,1.646090534979424,ORB%
Tyler Johnson,2015,0.242292224401543,-0.02049472981918605,0.26278695422072906,71.60493827160494,ORB%
Tyrese Haliburton,2021,-0.045533887064432295,0.17282622952965082,-0.2183601165940831,42.38683127572017,ORB%
Tyrese Maxey,2021,-0.5955488776049892,-0.08043872148722206,-0.5151101561177671,18.106995884773664,ORB%
Tyrese Proctor,2026,-0.4270540578164731,0.023476957485617976,-0.45053101530209105,22.633744855967077,ORB%
Tyrone Wallace,2018,0.10734709007351166,0.08836208422589936,0.0189850058476123,60.08230452674898,ORB%
VJ Edgecombe,2026,0.8659630701107439,0.16789052538605387,0.69807254472469,90.12345679012346,ORB%
Vasilije MiciÄ,2024,-0.440402685857562,-0.014655877323460494,-0.42574680853410146,25.514403292181072,ORB%
Victor Oladipo,2014,-0.10635741237286914,-0.003579689767451466,-0.10277772260541768,49.382716049382715,ORB%
Walter Clayton,2026,-0.5655916072372464,0.059079612265152015,-0.6246712195023985,11.522633744855968,ORB%
Wayne Ellington,2010,0.09985031677292712,0.09032888571290913,0.009521431060017987,58.8477366255144,ORB%
Wesley Matthews,2010,0.3293351523879672,0.2070747437061827,0.12226040868178448,65.02057613168725,ORB%
Will Barton,2013,0.9444483138674883,0.17142252072365957,0.7730257931438287,91.76954732510289,ORB%
Will Richard,2026,1.0045006195315171,0.045645762454462335,0.9588548570770548,94.65020576131687,ORB%
Zach LaVine,2015,-0.4658021058262223,0.1620595937633629,-0.6278616995895852,10.699588477366255,ORB%
Å arÅ«nas JasikeviÄius,2006,-0.5494309810516622,0.04583688920142187,-0.595267870253084,13.168724279835391,ORB%
A.J. Price,2010,-0.0888601431357284,-0.15174094804577185,0.06288080491004344,59.25925925925925,DRB%
AJ Johnson,2025,-0.6729199248251588,0.08589072570788764,-0.7588106505330465,8.641975308641975,DRB%
Aaron Wiggins,2022,0.01470454542628747,0.07651729739577855,-0.06181275196949108,47.325102880658434,DRB%
Acie Law,2008,-1.2129644882768948,-0.11915748860421123,-1.0938069996726836,3.292181069958848,DRB%
Ajay Mitchell,2025,-0.5588006345970565,-0.030273045087236605,-0.5285275895098199,16.46090534979424,DRB%
Alec Burks,2012,-0.21174057163584079,0.03152368941843379,-0.24326426105427457,32.92181069958848,DRB%
Alex Caruso,2018,-0.2622888181961754,-0.02980921650919273,-0.23247960168698267,34.5679012345679,DRB%
Allan Ray,2007,-0.23760200577696694,-0.08760965710884526,-0.14999234866812167,41.1522633744856,DRB%
Allonzo Trier,2019,0.3528830642793746,0.05393727910508043,0.29894578517429415,72.8395061728395,DRB%
Andrew Nembhard,2023,-0.5427494721544562,0.04129933691032006,-0.5840488090647763,13.168724279835391,DRB%
Anthony Edwards,2021,0.5151288149259756,0.07513004194463978,0.43999877298133583,80.65843621399176,DRB%
Anthony Morrow,2009,-0.38439792716794213,0.051265379241723114,-0.4356633064096652,19.34156378600823,DRB%
Antonio Reeves,2025,-0.8326869311445024,0.023661420286392322,-0.8563483514308947,7.818930041152264,DRB%
Archie Goodwin,2014,0.6315486235932806,0.05919585721062257,0.572352766382658,84.36213991769547,DRB%
Armoni Brooks,2021,0.2421727916553172,-0.05554693380164909,0.2977197254569663,72.42798353909465,DRB%
Arron Afflalo,2008,0.7445883192632636,0.038836862823677265,0.7057514564395864,87.24279835390946,DRB%
Austin Reaves,2022,0.058157977624786285,0.10365135771212575,-0.04549338008733946,50.617283950617285,DRB%
Austin Rivers,2013,-0.26806178756623006,0.04236555662389828,-0.31042734419012835,27.572016460905353,DRB%
Ayo Dosunmu,2022,-0.22428933166545678,0.06591330578904661,-0.29020263745450336,28.39506172839506,DRB%
Ben McLemore,2014,-0.1926199754285247,-0.016312556502454875,-0.17630741892606983,39.09465020576132,DRB%
Bennedict Mathurin,2023,-0.027703680210566316,0.08599816644578007,-0.11370184665634639,42.38683127572017,DRB%
Blake Wesley,2023,0.010447859933425407,0.03694458869188501,-0.0264967287584596,51.85185185185185,DRB%
Bobby Brown,2009,-1.7078501512986652,-0.09787411402575029,-1.609976037272915,0.411522633744856,DRB%
Bogdan BogdanoviÄ,2018,-0.06968773657108406,0.09246112060301141,-0.16214885717409547,39.50617283950617,DRB%
Bones Hyland,2022,0.75341289280077,-0.07989662168513746,0.8333095144859074,90.12345679012346,DRB%
Bradley Beal,2013,0.35626973378626436,0.02994445750592701,0.32632527628033736,74.8971193415638,DRB%
Brandin Podziemski,2024,0.9626705971666847,0.07217882353354338,0.8904917736331412,92.5925925925926,DRB%
Brandon Jennings,2010,0.10920887510041317,-0.13715879047595456,0.24636766557636774,71.19341563786008,DRB%
Brandon Knight,2012,0.10477128631116023,-0.11099275943909263,0.21576404575025288,68.72427983539094,DRB%
Brandon Paul,2018,0.192950102008586,-0.02451646320666573,0.21746656521525173,69.1358024691358,DRB%
Brian Roberts,2013,-0.4241446679043537,-0.1497393508670924,-0.2744053170372613,30.45267489711934,DRB%
Bruce Brown,2019,0.030249070718994207,-0.014763669142453556,0.04501273986144776,58.0246913580247,DRB%
Bub Carrington,2025,0.42262526136462386,0.002304342245128139,0.4203209191194957,79.83539094650206,DRB%
Buddy Hield,2017,0.3747464985409234,0.03564751546003683,0.3390989830808866,75.30864197530865,DRB%
C.J. Williams,2018,-0.7350369276395815,-0.03601081136660514,-0.6990261162729764,10.2880658436214,DRB%
Caleb Love,2026,-0.23219865819601557,-0.0333179594498213,-0.19888069874619427,37.4485596707819,DRB%
Cam Thomas,2022,0.47096558351052653,0.015370823986222658,0.4555947595243039,81.06995884773663,DRB%
Cameron Payne,2016,0.1634002417388552,-0.1377108919567616,0.3011111336956168,73.25102880658436,DRB%
Cason Wallace,2024,-0.5007304099706013,0.02812494585414719,-0.5288553558247484,16.049382716049383,DRB%
Cedric Coward,2026,1.5515591191277494,0.09529510004678746,1.456264019080962,98.76543209876543,DRB%
Charles Jenkins,2012,-0.7498107301457428,-0.10079835388923639,-0.6490123762565064,11.522633744855968,DRB%
Chris Duarte,2022,0.579599164006774,0.07819528036669898,0.501403883640075,82.3045267489712,DRB%
Coby White,2020,0.7201115866497877,-0.005937838272843981,0.7260494249226317,88.06584362139918,DRB%
Cole Anthony,2021,0.9865983096662041,-0.11141481507838913,1.0980131247445932,95.47325102880659,DRB%
Collin Sexton,2019,-0.5504921176896903,-0.07751079729910659,-0.4729813203905837,17.695473251028808,DRB%
Courtney Lee,2009,-0.24865923751350888,0.0757022661258101,-0.324361503639319,26.74897119341564,DRB%
Craig Porter Jr.,2024,0.6736037315593196,-0.1928571329903791,0.8664608645496987,91.35802469135803,DRB%
D'Angelo Russell,2016,0.1634002417388552,-0.0665104268437652,0.22991066858262038,70.78189300411523,DRB%
Daequan Cook,2008,0.9855178955758988,0.08213230510084793,0.9033855904750508,93.00411522633745,DRB%
Damian Lillard,2013,-0.26806178756623006,-0.08119443308617202,-0.18686735448005803,38.2716049382716,DRB%
Daniel Ewing,2006,-0.831089246527196,-0.044846387374847266,-0.7862428591523487,8.23045267489712,DRB%
Daniel Gibson,2007,-0.5985144765939446,-0.16727776423887553,-0.4312367123550691,20.5761316872428,DRB%
DantÃ© Exum,2015,-0.9963396562604216,-0.0269849736479213,-0.9693546826125004,5.349794238683128,DRB%
Darius Garland,2020,-1.3897040489091625,-0.10873925172037834,-1.2809647971887843,1.646090534979424,DRB%
De'Aaron Fox,2018,-0.1572336827643074,-0.06298409271332724,-0.09424959005098017,44.8559670781893,DRB%
De'Anthony Melton,2019,0.41740986299145083,-0.17111980927961484,0.5885296722710657,85.18518518518519,DRB%
Dennis SchrÃ¶der,2014,-0.09842927839746114,-0.183083266167084,0.08465398776962287,60.90534979423868,DRB%
Dennis Smith Jr.,2018,0.15793172353129678,-0.06761360034839883,0.22554532387969561,69.95884773662551,DRB%
Denzel Valentine,2017,0.6784928196677033,0.02815779386036491,0.6503350258073384,86.41975308641975,DRB%
Deron Williams,2006,-0.4688292305964472,-0.04696374398147184,-0.42186548661497536,21.39917695473251,DRB%
Derrick Rose,2009,-0.48620194440876663,-0.03413546676509164,-0.45206647764367497,18.51851851851852,DRB%
Devin Booker,2016,-0.5721152820987743,0.0964867075085776,-0.6686019896073518,10.699588477366255,DRB%
Devonte' Graham,2019,-0.42143852026553824,-0.16765510640470993,-0.2537834138608283,32.510288065843625,DRB%
Dion Waiters,2013,-0.08968135289408868,-0.008987821763646556,-0.08069353113044213,46.09053497942387,DRB%
Donovan Mitchell,2018,-0.08719692580972867,-0.02504371454269695,-0.062153211267031716,46.913580246913575,DRB%
Doron Lamb,2013,-0.4018471135703359,-0.0004499511327671901,-0.40139716243756873,23.456790123456788,DRB%
Drake Powell,2026,-0.47125897886827256,0.0853442026505562,-0.5566031815188288,14.40329218106996,DRB%
Duane Washington Jr.,2022,-0.3546496282609536,-0.13278583221167906,-0.22186379604927453,35.80246913580247,DRB%
Dylan Harper,2026,0.20914347227584387,0.08058590993849257,0.1285575623373513,64.19753086419753,DRB%
Elfrid Payton,2015,0.34538970115064505,-0.04133062827873461,0.3867203294293797,76.95473251028807,DRB%
Elie Okobo,2019,-0.09880452670515787,-0.13331729684288718,0.03451277013772931,57.61316872427984,DRB%
Emmanuel Mudiay,2016,0.08459500704196658,-0.09928400182604263,0.18387900886800923,66.2551440329218,DRB%
Eric Bledsoe,2011,-0.06900012845938606,-0.1793022026395344,0.11030207418014833,62.96296296296296,DRB%
Eric Gordon,2009,-0.9952220306128909,0.02773325164783657,-1.0229552822607275,3.7037037037037033,DRB%
Eric Maynor,2010,-0.11715571716946278,-0.06942686456647006,-0.04772885260299273,49.794238683127574,DRB%
Ethan Thompson,2026,-0.37931270168663517,0.02903973084048512,-0.4083524325271203,22.22222222222222,DRB%
Frank Jackson,2019,-0.22785812412930995,-0.11638004141318636,-0.11147808271612358,42.79835390946502,DRB%
Frank Ntilikina,2018,-0.31481638591210953,-0.08009594511974012,-0.23472044079236942,34.15637860082305,DRB%
Gary Harris,2015,-0.9671716267514853,-0.030579111707724094,-0.9365925150437612,6.584362139917696,DRB%
Gary Neal,2011,0.5378095118926637,-0.0048334288933703645,0.542642940786034,83.1275720164609,DRB%
George Hill,2009,0.7015115900675234,-0.06686855436254953,0.768380144430073,89.30041152263375,DRB%
Goran DragiÄ,2009,0.3282301935178324,-0.07191092364030277,0.40014111715813516,78.60082304526749,DRB%
Hamidou Diallo,2019,0.309865198471324,0.057174046102537734,0.25269115236878625,71.60493827160494,DRB%
Iman Shumpert,2012,-0.021833456867640294,-0.009275359834996763,-0.012558097032643531,53.49794238683128,DRB%
Immanuel Quickley,2021,-0.42781017455448134,-0.1327986991457306,-0.2950114754087507,27.983539094650205,DRB%
Isaac Okoro,2021,-1.0233505889631909,0.08852885281139632,-1.1118794417745872,2.880658436213992,DRB%
Isaiah Briscoe,2019,0.6109902591276791,-0.13494146596964554,0.7459317250973246,88.47736625514403,DRB%
Isaiah Collier,2025,0.12591510677155787,-0.07450520976643762,0.2004203165379955,66.66666666666666,DRB%
Isaiah Whitehead,2017,-0.17488970159324982,-0.023822261440585062,-0.15106744015266477,40.74074074074074,DRB%
JJ Redick,2007,-0.46727357811504394,-0.15214396461821336,-0.31512961349683055,27.160493827160494,DRB%
Ja Morant,2020,-0.14299480971523731,-0.11363331273611833,-0.02936149697911898,51.440329218106996,DRB%
Ja'Kobe Walter,2025,-0.2620904800039905,0.009649962685133483,-0.27174044268912395,30.864197530864196,DRB%
Jabari Brown,2015,-0.9671716267514853,-0.0354862655324792,-0.931685361219006,6.995884773662551,DRB%
Jaden Hardy,2023,0.2584328708693726,-0.043793339018649596,0.3022262098880222,73.66255144032921,DRB%
Jaden Ivey,2023,-0.1803098407865339,0.03790229750184888,-0.21821213828838276,36.62551440329218,DRB%
Jahmai Mashack,2026,-0.26897716906867036,0.020016030119234328,-0.28899319918790467,28.80658436213992,DRB%
Jalen Brunson,2019,-0.20634919122528464,-0.09900706136807275,-0.1073421298572119,43.62139917695473,DRB%
Jalen Green,2022,-0.20256261556620736,0.05128645529325132,-0.2538490708594587,32.098765432098766,DRB%
Jalen Suggs,2022,0.16679155812103372,-0.042518071617777396,0.20930962973881112,67.07818930041152,DRB%
Jalen Williams,2023,0.10582671029340505,0.11213915193421707,-0.0063124416408120165,54.73251028806584,DRB%
Jamal Murray,2017,-0.030248596294783207,-0.01154210079366183,-0.018706495501121377,52.674897119341566,DRB%
Jamal Shead,2025,-1.106573227691948,-0.1644062977703177,-0.9421669299216303,6.172839506172839,DRB%
James Harden,2010,0.7600070778763057,0.11512197904397999,0.6448850988323257,86.0082304526749,DRB%
Jared McCain,2025,-0.6044483506882977,-0.010899909434386554,-0.5935484412539112,12.345679012345679,DRB%
Jarrett Jack,2006,0.19995849112185796,-0.012627696048906095,0.21258618717076405,67.48971193415639,DRB%
Jase Richardson,2026,-0.5264267451772551,-0.1181055086225506,-0.4083212365547045,22.633744855967077,DRB%
Javaris Crittenton,2008,1.1059826837322158,0.033515500781803986,1.0724671829504118,95.06172839506173,DRB%
Javon Small,2026,0.22753272771217128,-0.16219758827586025,0.38973031598803154,77.36625514403292,DRB%
Jaylen Clark,2025,-1.289164092056912,0.03338718623646925,-1.3225512782933813,1.2345679012345678,DRB%
Jeff Teague,2010,0.052617727032943935,-0.12232148654238816,0.1749392135753321,65.84362139917695,DRB%
Jeremiah Fears,2026,0.2643112385848264,-0.04331835107080251,0.3076295896556289,74.48559670781893,DRB%
Jerian Grant,2016,-0.09928387391744112,-0.05294534773394957,-0.046338526183491546,50.20576131687243,DRB%
Jerryd Bayless,2009,-0.14685522027268377,-0.1366225045398499,-0.01023271573283388,54.32098765432099,DRB%
Jimmer Fredette,2012,-1.3511832602450446,-0.1652867509856302,-1.1858965092594145,2.05761316872428,DRB%
Jodie Meeks,2010,1.3825097066184644,0.019645379761249818,1.3628643268572145,98.35390946502058,DRB%
John Jenkins,2013,0.0886990817780523,0.0022583198533010634,0.08644076192475124,61.72839506172839,DRB%
John Wall,2011,0.8412143320686886,-0.046124691546045496,0.887339023614734,92.18106995884774,DRB%
Jordan Clarkson,2015,0.14121349458809157,-0.03279639921257082,0.1740098938006624,65.4320987654321,DRB%
Jordan Crawford,2011,-0.43308591267061625,0.013409445570154457,-0.4464953582407707,18.930041152263374,DRB%
Jordan Farmar,2007,0.2545513635189115,-0.14398352160169992,0.3985348851206114,77.77777777777779,DRB%
Jordan Hawkins,2024,-0.012930074258172376,0.046189618431229804,-0.059119692689402176,48.148148148148145,DRB%
Jordan Poole,2020,-0.3347962311296875,0.060417146464791245,-0.3952133775944787,23.868312757201647,DRB%
Josh Christopher,2022,0.03643126152553688,0.019602804165361004,0.016828457360175873,55.96707818930041,DRB%
Josh Hart,2018,0.8933176715543728,0.07753742527606303,0.8157802462783098,89.7119341563786,DRB%
Josh Okogie,2019,0.07326693652704515,0.005384102188513262,0.06788283433853189,60.49382716049383,DRB%
Josh Richardson,2016,-0.5458468705331446,0.032044882937650114,-0.5778917534707947,13.580246913580247,DRB%
JosÃ© CalderÃ³n,2006,-0.16230152480889082,-0.006906855020249333,-0.15539466978864147,40.32921810699588,DRB%
Jrue Holiday,2010,-0.25863358733813513,0.0025988696362323625,-0.2612324569743675,31.68724279835391,DRB%
Juan Carlos Navarro,2008,-0.18901378894819643,0.02932308025047102,-0.21833686919866746,36.21399176954733,DRB%
KJ Simpson,2025,-0.5131529185058157,-0.12739581525990665,-0.38575710324590906,24.279835390946502,DRB%
Kam Jones,2026,-0.5264267451772551,0.027581652368181712,-0.5540083975454367,14.814814814814813,DRB%
Kasparas JakuÄionis,2026,-0.08508461470539565,-0.06345533696813416,-0.02162927773726149,52.2633744855967,DRB%
Keaton Wallace,2025,-0.3762097702320929,-0.16703396587873437,-0.20917580435335853,37.03703703703704,DRB%
Kelenna Azubuike,2007,0.6154638343358889,0.03332424968880384,0.582139584647085,84.77366255144034,DRB%
Kendall Marshall,2013,-0.6471202112445302,-0.07879668252526019,-0.56832352871927,13.991769547325102,DRB%
Kendrick Nunn,2020,-0.5505728302209438,-0.07616477672492392,-0.4744080534960199,17.28395061728395,DRB%
Kentavious Caldwell-Pope,2014,-0.40454904374841755,0.027675808147727826,-0.43222485189614535,20.16460905349794,DRB%
Keon Johnson,2022,-0.3981030604594528,0.025323968712669308,-0.4234270291721221,20.98765432098765,DRB%
Keyonte George,2024,-0.1393968279613948,-0.030537053164216302,-0.1088597747971785,43.20987654320987,DRB%
Killian Hayes,2021,-0.20448251915121515,-0.11429599770001295,-0.0901865214512022,45.267489711934154,DRB%
Kira Lewis Jr.,2021,-1.0729789568305832,-0.18228418447516037,-0.8906947723554228,7.4074074074074066,DRB%
Klay Thompson,2012,-0.11678701425174083,0.0769515193007166,-0.19373853355245743,37.86008230452675,DRB%
Kobi Simmons,2018,-0.7525461168782263,-0.024226108210202504,-0.7283200086680237,9.053497942386832,DRB%
Kris Dunn,2017,0.2445695037723034,-0.11394517262679726,0.3585146763991007,75.7201646090535,DRB%
Ky Bowman,2020,-0.07106927668481881,-0.13819000286214705,0.06712072617732824,59.67078189300411,DRB%
Kyrie Irving,2012,0.3896319584634607,-0.102098127849892,0.4917300863133527,81.89300411522635,DRB%
Landry Shamet,2019,-0.894635044154096,0.12304952767260297,-1.017684571826699,4.11522633744856,DRB%
Langston Galloway,2015,0.7245740847668163,-0.13600723502731435,0.8605813197941307,90.94650205761316,DRB%
Lonzo Ball,2018,1.1209371316567536,0.018189150497984377,1.1027479811587693,95.88477366255144,DRB%
Luke Kennard,2018,0.1754409127699414,0.023546633706956067,0.15189427906298533,64.60905349794238,DRB%
Luther Head,2006,0.422887731694626,0.01938688949623727,0.4035008421983887,79.01234567901234,DRB%
Malachi Flynn,2021,0.3910578952574945,-0.16762007893217656,0.558677974189671,83.53909465020575,DRB%
Malaki Branham,2023,-0.08493099042655423,0.07166261934321755,-0.15659360976977177,39.91769547325103,DRB%
Malcolm Brogdon,2017,-0.18935381212309643,0.05238673070983115,-0.2417405428329276,33.33333333333333,DRB%
Malcolm Delaney,2017,-0.16042559106340296,-0.12558897730157145,-0.0348366137618315,51.028806584362144,DRB%
Malik Monk,2018,-0.5949634137304242,-0.05848434756832736,-0.5364790661620968,15.22633744855967,DRB%
Manny Harris,2011,0.9625762601390981,0.039011534402812284,0.9235647257362859,93.82716049382715,DRB%
MarShon Brooks,2012,-0.18008938584114081,0.04379548217335858,-0.2238848680144994,35.390946502057616,DRB%
Marcelo Huertas,2016,-0.36196798957373744,-0.12128688837083922,-0.2406811012028982,33.744855967078195,DRB%
Marcus Sasser,2024,-0.320063618965998,-0.19718240781878815,-0.12288121114720985,41.9753086419753,DRB%
Marcus Smart,2015,-0.03379468246552572,-0.05571272203733648,0.02191803957181076,56.79012345679012,DRB%
Marcus Thornton,2010,-0.31522473540560386,0.038660084394703684,-0.35388481980030756,25.925925925925924,DRB%
Marcus Williams,2007,0.7795149574345152,-0.05454367430437382,0.834058631738889,90.53497942386831,DRB%
Mario Chalmers,2009,-0.3504632547543334,-0.07125200435264327,-0.2792112504016901,30.04115226337449,DRB%
Markel Brown,2015,0.8704142323114975,-0.04749803476166081,0.9179122670731583,93.4156378600823,DRB%
Matisse Thybulle,2020,-1.3417536935555499,0.08521197756969176,-1.4269656711252416,0.823045267489712,DRB%
Matthew Dellavedova,2014,-0.4280967180061833,-0.051073828765410556,-0.37702288924077276,24.691358024691358,DRB%
Max Christie,2023,0.4110390314453402,0.01221042439039853,0.39882860705494166,78.18930041152264,DRB%
Mike Conley,2008,-0.09866519783095866,-0.14925435099132983,0.05058915316037117,58.8477366255144,DRB%
Mike Taylor,2009,0.05675281420896583,-0.15812387721980692,0.21487669142877275,68.3127572016461,DRB%
MiloÅ¡ TeodosiÄ,2018,-0.06968773657108406,-0.09110307330660898,0.021415336735524926,56.37860082304527,DRB%
Monta Ellis,2006,0.1720923360502615,-0.04074719093568835,0.21283952698594985,67.90123456790124,DRB%
Moses Moody,2022,0.01470454542628747,0.009209955943837528,0.005494589482449942,55.144032921810705,DRB%
Nando De Colo,2013,1.002898809472776,0.018679647446555182,0.9842191620262208,94.65020576131687,DRB%
Nate Wolters,2014,0.042856767149133966,-0.05118467963392571,0.09404144678305967,62.139917695473244,DRB%
Nick Smith Jr.,2024,-0.5007304099706013,-0.08683894242886035,-0.4138914675417409,21.810699588477366,DRB%
Nickeil Alexander-Walker,2020,0.6002356982657564,0.03545842180641918,0.5647772764593372,83.9506172839506,DRB%
Nique Clifford,2026,0.42981453751177373,0.12486369148259308,0.30495084602918066,74.07407407407408,DRB%
Nolan Smith,2012,-0.43329887219874186,-0.14662393142477897,-0.2866749407739629,29.218106995884774,DRB%
Nolan TraorÃ©,2026,-0.47125897886827256,-0.06726366877373258,-0.40399531009454,23.045267489711936,DRB%
Norman Powell,2016,1.1090630581015224,-0.04625184562392674,1.155314903725449,97.11934156378601,DRB%
Norris Cole,2012,-1.129624959682144,-0.1399328695637855,-0.9896920901183585,4.526748971193416,DRB%
O.J. Mayo,2009,0.09068748662257399,0.13854694908526882,-0.04785946246269483,49.382716049382715,DRB%
Ochai Agbaji,2023,-0.905189103522379,0.07203893940385228,-0.9772280429262313,4.938271604938271,DRB%
Orien Greene,2006,0.08849387083547366,-0.036506845268118766,0.12500071610359242,63.78600823045267,DRB%
Orlando Johnson,2013,1.4934450048211647,0.03207729961428497,1.4613677052068796,99.1769547325103,DRB%
Pablo Prigioni,2013,0.13329419044608784,-0.0938271752187144,0.22712136566480223,70.37037037037037,DRB%
Patrick Beverley,2013,0.20018685344814058,-0.20917318581246472,0.40936003926060527,79.42386831275721,DRB%
Payton Pritchard,2021,-0.08041159948273399,-0.09496168501481574,0.014550085532081744,55.55555555555556,DRB%
Pelle Larsson,2025,-0.5131529185058157,0.01844215482564302,-0.5315950733314587,15.637860082304528,DRB%
Quentin Grimes,2022,-0.24601604776470617,-0.018004474074590465,-0.2280115736901157,34.97942386831276,DRB%
R.J. Hampton,2021,1.7310238276770906,-0.013691064630640695,1.7447148923077314,99.58847736625515,DRB%
Rajon Rondo,2007,1.6653910221670962,-0.15418020393155846,1.8195712260986547,100.0,DRB%
Randy Foye,2007,0.32017181275836176,-0.04423871620826683,0.3644105289666286,76.13168724279835,DRB%
Rashad McCants,2006,-0.0787030595941025,-0.02025350366588312,-0.05844955592821938,48.559670781893004,DRB%
Raul Neto,2016,-0.6771889283612929,-0.15101715958642167,-0.5261717687748712,16.872427983539097,DRB%
Ray McCallum,2014,-0.5929304378105444,-0.13906754106259261,-0.4538628967479518,18.106995884773664,DRB%
Raymond Felton,2006,-0.10656921466569894,-0.09234542252852536,-0.014223792137173577,53.086419753086425,DRB%
Reed Sheppard,2025,-0.2164427639127493,-0.16396237483947,-0.052480389073279315,48.971193415637856,DRB%
Reggie Jackson,2012,-0.5282524295828418,-0.16554301270716051,-0.36270941687568126,25.514403292181072,DRB%
Ricky Rubio,2012,0.6111902590263617,-0.14337576711349018,0.7545660261398519,88.88888888888889,DRB%
Rob Dillingham,2025,-0.7413914989620205,-0.155249858942016,-0.5861416400200045,12.757201646090536,DRB%
Rodney McGruder,2017,-0.2472102542424831,0.015143996730425706,-0.2623542509729088,31.275720164609055,DRB%
Rodney Stuckey,2008,0.23261296959891475,-0.028708177420323267,0.26132114701923803,72.0164609053498,DRB%
Roko UkiÄ,2009,-1.198830065094541,-0.01505824375818646,-1.1837718213363544,2.4691358024691357,DRB%
Ron Baker,2017,-0.01578448576493634,-0.003407222035302193,-0.012377263729634148,53.90946502057613,DRB%
Russell Westbrook,2009,-0.04505120303185928,0.022466748502601726,-0.067517951534461,46.50205761316872,DRB%
Saben Lee,2021,-0.08041159948273399,-0.1875759785230385,0.10716437904030451,62.55144032921811,DRB%
Salim Stoudamire,2006,0.08849387083547366,-0.08520716645176242,0.17370103728723607,65.02057613168725,DRB%
Scoot Henderson,2024,-0.3381302980664583,-0.052131441076091585,-0.2859988569903667,29.629629629629626,DRB%
Semaj Christon,2017,-0.4497078016603363,-0.08381680854762057,-0.3658909931127157,25.102880658436217,DRB%
Sergio RodrÃ­guez,2007,0.28736158813863666,-0.14021106057067276,0.42757264870930944,80.24691358024691,DRB%
Shaedon Sharpe,2023,-0.06585522035455804,0.1160446821035601,-0.18189990245811816,38.68312757201646,DRB%
Shelvin Mack,2012,0.5478878874369613,-0.10657939718278178,0.654467284619743,86.83127572016461,DRB%
Sindarius Thornwell,2018,-0.1572336827643074,-0.05714394018753975,-0.10008974257676766,44.44444444444444,DRB%
Sion James,2026,0.6137070918750485,0.08192644744686371,0.5317806444281847,82.71604938271605,DRB%
Stephen Curry,2010,0.5619380596401646,-0.02970876425352407,0.5916468238936887,85.59670781893004,DRB%
Sterling Brown,2018,1.1559555101340429,0.025969344917729273,1.1299861652163137,96.70781893004116,DRB%
T.J. McConnell,2016,1.0302578234046333,-0.13426010450523385,1.1645179279098672,97.53086419753086,DRB%
Terence Davis,2020,1.1996151401859128,0.029497377702324273,1.1701177624835886,97.94238683127571,DRB%
ThÃ©o Maledon,2021,-0.10522578341643013,-0.0004099453451298817,-0.10481583807130025,44.03292181069959,DRB%
Tim Hardaway Jr.,2014,-0.8755025289037348,0.08014499706943626,-0.955647525973171,5.761316872427984,DRB%
Toney Douglas,2010,-0.7962494939790898,-0.14119762902357752,-0.6550518649555124,11.11111111111111,DRB%
Trae Young,2019,-0.07729559380113259,-0.10153540072434945,0.024239806923216867,57.20164609053497,DRB%
Tre Johnson,2026,-0.04830610383274084,0.086387548917967,-0.13469365275070783,41.56378600823045,DRB%
Tre Mann,2022,0.058157977624786285,-0.02800269723310177,0.08616067485788806,61.31687242798354,DRB%
Tyler Dorsey,2018,0.35053280515638807,-0.020246164165759986,0.37077896932214804,76.5432098765432,DRB%
Tyler Herro,2020,0.935888185741044,0.05551769824549704,0.880370487495547,91.76954732510289,DRB%
Tyler Johnson,2015,0.8995822618204335,-0.07759309276457808,0.9771753545850116,94.23868312757202,DRB%
Tyrese Haliburton,2021,-0.7007661978251398,0.021292910578362256,-0.7220591084035021,9.465020576131687,DRB%
Tyrese Maxey,2021,-0.15485415128382243,-0.0736174074165497,-0.08123674386727274,45.67901234567901,DRB%
Tyrese Proctor,2026,-0.04830610383274084,-0.09884310704551123,0.050537003212770396,58.43621399176955,DRB%
Tyrone Wallace,2018,-0.034669358093794844,-0.10225540324341614,0.0675860451496213,60.08230452674898,DRB%
VJ Edgecombe,2026,0.31947900489380865,0.09502930574312975,0.22444969915067892,69.54732510288066,DRB%
Vasilije MiciÄ,2024,-0.771730596477506,-0.06373604053803894,-0.707994555939467,9.876543209876543,DRB%
Victor Oladipo,2014,0.6550962978510464,-0.06111719671374952,0.7162134945647959,87.65432098765432,DRB%
Walter Clayton,2026,-0.37931270168663517,-0.052316185568600376,-0.3269965161180348,26.337448559670783,DRB%
Wayne Ellington,2010,0.10920887510041317,-0.013675763990238746,0.12288463909065192,63.37448559670782,DRB%
Wesley Matthews,2010,-0.5698849017092142,0.06121138820841359,-0.6310962899176278,11.934156378600823,DRB%
Will Barton,2013,1.1366841354768822,0.01763285970367892,1.1190512757732032,96.29629629629629,DRB%
Will Richard,2026,-0.4160912125592903,0.01832012859901437,-0.4344113411583047,19.753086419753085,DRB%
Zach LaVine,2015,0.46206181918639005,0.00247085477692272,0.45959096440946734,81.48148148148148,DRB%
Å arÅ«nas JasikeviÄius,2006,-0.1344353697372949,-0.07495623614776833,-0.059479133589526556,47.73662551440329,DRB%
