Player,model_a_predicted_z,model_a_residual_z,model_a_residual_pct,model_b_predicted_z,model_b_residual_z,model_b_residual_pct,target
A.J. Price,-0.24324073559163445,-0.040663172156279626,48.125,-0.3186546403610981,0.03475073261318401,56.25,TRB%
AJ Johnson,0.14730933482270198,-1.0273883571960423,4.375,0.15444973613542776,-1.034528758508768,4.375,TRB%
Aaron Wiggins,0.16310124095742076,0.16691601110585705,65.625,0.20553857195301764,0.12447868011026017,61.875,TRB%
Acie Law,-0.16871823873601985,-1.0829277470554959,2.5,-0.16040533515065775,-1.0912406506408578,3.125,TRB%
Ajay Mitchell,-0.017084908721735514,-0.41866918204720216,21.25,-0.09089342503066393,-0.34486066573827373,23.125,TRB%
Alec Burks,0.10358436522100231,0.7546952599690306,91.875,0.15223322312428703,0.706046402065746,89.375,TRB%
Allan Ray,-0.15280054413286714,-0.02916174960126905,50.0,-0.08510273383167014,-0.09685955990246606,42.5,TRB%
Allonzo Trier,0.11036279293775846,0.14786499029997863,65.0,0.05571181864769387,0.20251596459004323,68.75,TRB%
Andrew Nembhard,0.12469898289256758,-0.7822910274069288,8.75,0.013729785980751013,-0.6713218304951123,11.25,TRB%
Antonio Reeves,0.08274877661229005,-0.8602912763076913,6.25,0.06592712589596049,-0.8434696255913617,6.25,TRB%
Archie Goodwin,0.11443724200941884,0.5123129265754861,85.625,0.1581031993993975,0.46864696918550747,84.375,TRB%
Austin Reaves,0.20107225451839866,0.020863352267219526,53.75,0.10487278112058625,0.11706282566503194,60.0,TRB%
Austin Rivers,0.09633614230278806,-0.48642707847920463,18.125,0.06006737454536762,-0.45015831072178425,20.0,TRB%
Ayo Dosunmu,0.15227453526698898,-0.5067743699622225,16.875,0.22569027002411104,-0.5801901047193445,13.125,TRB%
Ben McLemore,0.028961997128220757,-0.12149419290478686,38.125,0.0161642168703079,-0.108696412646874,41.25,TRB%
Bennedict Mathurin,0.21868208473430611,0.013985716848236074,53.125,0.21075186565599385,0.021915935926548336,52.5,TRB%
Blake Wesley,0.05691307820800186,-0.26937519967391155,28.125,0.11600479591346097,-0.32846691737937067,26.25,TRB%
Bobby Brown,-0.18356660585324258,-1.2838711596478207,1.25,-0.2387610772389453,-1.228676688262118,1.25,TRB%
Bradley Beal,0.0979811233918277,0.2115379828519881,70.625,0.08174789261794513,0.22777121362587066,71.25,TRB%
Brandin Podziemski,0.15247774198523428,1.006475690317132,93.75,0.040544010297023474,1.1184094220053429,96.25,TRB%
Brandon Knight,-0.14344733510666993,-0.034488684749800075,49.375,-0.11811942729813235,-0.059816592558337656,46.25,TRB%
Bruce Brown,0.037594355627429174,0.18260549319240843,66.875,0.05818798825174305,0.16201186056809452,63.74999999999999,TRB%
Buddy Hield,0.11042169324721099,0.1950464099591845,68.125,0.14221929695887853,0.16324880624751698,64.375,TRB%
Cameron Payne,-0.23598955109560055,0.3578934808973455,77.5,-0.1647643946910283,0.2866683244927733,75.0,TRB%
Cason Wallace,0.05345657308781604,-0.36138937569925156,23.75,0.0912483783036859,-0.39918118091512145,22.5,TRB%
Cedric Coward,0.20037881524553633,1.5409289504495987,100.0,0.4181343763204107,1.3231733893747244,98.125,TRB%
Charles Jenkins,-0.14813199849630662,-0.7834153995758025,8.125,-0.0964858332396665,-0.8350615648324426,7.5,TRB%
Coby White,0.027103811106321114,0.3769502331094977,80.625,-0.0511558998969731,0.4552099441127919,83.125,TRB%
Collin Sexton,-0.046551613649539476,-0.4938072258886143,17.5,-0.03778161739510874,-0.502577222143045,16.875,TRB%
D'Angelo Russell,-0.0505474253757733,0.1268537020455679,62.5,0.0682011012635551,0.008105175406239506,51.87500000000001,TRB%
Daequan Cook,0.17945551042256355,0.37459301447508964,79.375,0.15801583590095747,0.39603268899669575,80.625,TRB%
Damian Lillard,-0.06535386302611289,-0.2914223092255306,26.25,-0.016591558783060612,-0.34018461346858286,23.75,TRB%
DantÃ© Exum,0.051609110963752376,-1.0418374646978699,3.75,0.112215958260033,-1.1024443119941505,2.5,TRB%
De'Aaron Fox,-0.05732404653888401,-0.21979783075984777,30.625000000000004,-0.06254841608193645,-0.21457346121679532,31.874999999999996,TRB%
De'Anthony Melton,-0.2582831051104352,0.6686226260197707,87.5,-0.1506835779477296,0.5610230988570651,86.25,TRB%
Dennis SchrÃ¶der,-0.3265402292624881,0.071589435081719,59.375,-0.21065273932653017,-0.04429805485423893,47.5,TRB%
Denzel Valentine,0.06148341032698016,0.3672976122642419,78.75,0.17181976651344222,0.25696125607777986,74.375,TRB%
Deron Williams,-0.027810797170553507,-0.5474570426484543,15.625,-0.04577789336712983,-0.529489946451878,16.25,TRB%
Derrick Rose,0.016888723581139495,-0.04044952381487339,48.75,0.056295698442403674,-0.07985649867613757,43.75,TRB%
Devin Booker,0.22459110703273988,-0.923444933606104,5.0,0.1914859596846833,-0.8903397862580474,5.625,TRB%
Devonte' Graham,-0.3087241805401243,-0.23163465899802949,29.375,-0.25021870371882576,-0.290140135819328,27.500000000000004,TRB%
Dion Waiters,0.01727069153958319,-0.30741733594168064,25.624999999999996,-0.004371563290339688,-0.2857750811117578,28.125,TRB%
Donovan Mitchell,-0.00015027193265920724,-0.07173582488507849,43.75,0.09835550143687546,-0.17024159825461316,35.625,TRB%
Doron Lamb,0.013408158821159755,-0.47012862284712204,18.75,-0.033500477232114634,-0.42321998679384765,20.625,TRB%
Drake Powell,0.17738964072353985,-0.8865257619256797,5.625,0.3092144613067665,-1.0183505825089063,5.0,TRB%
Duane Washington Jr.,-0.21865096587031907,-0.46009380465789373,19.375,-0.1323553185167755,-0.5463894520114373,15.625,TRB%
Dylan Harper,0.1830945144548628,0.16742077489316998,66.25,0.2486582771915441,0.10185701215648868,59.375,TRB%
Elfrid Payton,-0.013688244911546578,0.8372444995022983,93.125,0.035480910299753754,0.7880753442909979,92.5,TRB%
Eric Bledsoe,-0.2685413925674341,0.6767389535831663,88.75,-0.18841739513936548,0.5966149561550976,87.5,TRB%
Eric Gordon,0.09738459428594523,-1.0491520150486766,3.125,0.13324894542176685,-1.0850163661844983,3.75,TRB%
Eric Maynor,-0.09818284051241502,-0.04891159699470629,46.875,-0.24790905287708553,0.10081461536996422,58.75,TRB%
Frank Jackson,-0.15210981552379946,-0.045997614253257935,47.5,-0.10996107782035566,-0.08814635195670173,43.125,TRB%
Gary Harris,-0.011915190861155445,-0.684185929090551,13.125,-0.06850878387576592,-0.6275923360759406,12.5,TRB%
George Hill,-0.05522140125232301,0.7020320491784209,90.0,0.022127488578790724,0.6246831593473071,88.125,TRB%
Hamidou Diallo,0.11199386681363967,1.0589043424536873,95.0,0.23531548021608714,0.9355827290512398,93.75,TRB%
Iman Shumpert,0.06520945064624878,-0.05474262594880948,46.25,0.13214131764865072,-0.12167449295121142,38.75,TRB%
Immanuel Quickley,-0.206285227715765,-0.1824467783148704,35.0,-0.10610145979980791,-0.2826305462308275,28.749999999999996,TRB%
Isaiah Briscoe,-0.19910806032467387,0.45733584356241097,84.375,-0.0875154441655817,0.3457432274033188,78.125,TRB%
Isaiah Collier,-0.037646290914581285,-0.1246770727131853,37.5,-0.14443446064579854,-0.017888902981968047,50.625,TRB%
Isaiah Whitehead,0.0068822308360546825,-0.17000322129199907,35.625,0.07531456381085153,-0.2384355542667959,30.625000000000004,TRB%
JJ Redick,-0.2143803466205051,-0.2776280626821592,27.500000000000004,-0.3377423324778287,-0.15426607682483562,37.5,TRB%
Ja'Kobe Walter,0.04771805807927231,0.09756814632677807,60.62499999999999,0.12124654636757684,0.02403965803847355,54.37499999999999,TRB%
Jabari Brown,-0.023878074172673347,-1.3094987189742573,0.625,-0.01823598465866073,-1.3151408084882699,0.625,TRB%
Jalen Brunson,-0.15504892845869922,-0.11911437015415738,38.75,-0.22511464143348375,-0.049048657179372845,46.875,TRB%
Jalen Williams,0.24863032096078444,-0.01596251937824225,51.24999999999999,0.45501692792169207,-0.22234912633914988,31.25,TRB%
Jamal Shead,-0.2696969930856074,-0.8154550746436104,7.5,-0.3579161402144728,-0.7272359275147451,10.0,TRB%
James Harden,0.22755182555987008,0.6286231853654862,86.875,0.3066138790735238,0.5495611318518325,85.625,TRB%
Jared McCain,-0.037140200878023666,-0.6378657761394382,13.750000000000002,-0.18328970470413022,-0.4917162723133317,17.5,TRB%
Jarrett Jack,0.006371720810583431,-0.18733933971762642,34.375,-0.0025889383597212726,-0.17837868054732173,33.75,TRB%
Jase Richardson,-0.2306624290418372,-0.1142185197836807,39.375,-0.2335203479327911,-0.11136060089272679,40.625,TRB%
Javaris Crittenton,0.09397700309432032,1.3127605962954398,98.75,-0.031043783878402904,1.4377813832681632,100.0,TRB%
Javon Small,-0.29604690769511993,0.7127904102025389,90.625,-0.29972415868420144,0.7164676611916204,90.625,TRB%
Jaylen Clark,0.08677448740030745,-0.6934227826324769,12.5,0.10509867820130632,-0.7117469734334758,10.625,TRB%
Jeff Teague,-0.17862110534311584,-0.19648911589865956,33.125,-0.1277898600721201,-0.2473203611696553,30.0,TRB%
Jeremiah Fears,-0.03275149893875945,0.25081036196802087,71.875,-0.08557602245355156,0.3036348854828129,75.625,TRB%
Jerian Grant,-0.04079016936975661,-0.01969651335630019,50.625,-0.020263493455684213,-0.040223189270372585,48.75,TRB%
Jerryd Bayless,-0.19655611615632618,-0.18797392539423974,33.75,-0.3072886713844077,-0.07724137016615823,44.375,TRB%
Jodie Meeks,0.04095378706320142,0.7240149103682936,91.25,-0.09467236423401357,0.8596410616655086,93.125,TRB%
John Jenkins,0.030889090504280195,0.045426668266124806,56.875,0.047313156858397744,0.029002601912007257,55.625,TRB%
John Wall,-0.013467909507332886,0.3255277733417723,76.25,0.08203026714313771,0.23002959669130169,71.875,TRB%
Jordan Clarkson,0.030141384128516233,0.40124522541902014,83.125,0.03708908390160537,0.394297525645931,80.0,TRB%
Jordan Crawford,0.048254306689078166,-0.21688292876110427,31.25,0.004373836882784851,-0.17300245895481098,35.0,TRB%
Jordan Farmar,-0.22494635092907064,0.35303017276346305,76.875,-0.33363998726882516,0.46172380910321753,83.75,TRB%
Jordan Hawkins,0.1289709457889742,-0.19686781905087858,31.874999999999996,0.046003803913821695,-0.11390067717572609,40.0,TRB%
Jordan Poole,0.10885596585202702,-0.7779118112600613,10.0,0.059710716826706534,-0.7287665622347408,9.375,TRB%
Josh Christopher,0.06859354711667195,0.2974509200391593,75.0,0.10918576952496856,0.2568586976308627,73.75,TRB%
Josh Hart,0.17551900635860734,0.6908156075939131,89.375,0.15263901047752382,0.7136956034749966,90.0,TRB%
Josh Okogie,0.07266777058805157,-0.004579659439812367,51.87500000000001,0.2107173950470514,-0.1426292838988122,38.125,TRB%
Jrue Holiday,0.04027645335764899,0.040644892869883716,55.625,0.04174771965491679,0.039173626572615916,57.49999999999999,TRB%
KJ Simpson,-0.21864910880425387,0.05632574517648728,57.49999999999999,-0.2582930073507182,0.09596964372295161,58.12500000000001,TRB%
Kam Jones,0.0446713267891525,-0.6213510216725209,15.0,-0.026995673517893032,-0.5496840213654753,15.0,TRB%
Kasparas JakuÄionis,-0.026035117894425027,0.21097987434399332,70.0,-0.02396629418864459,0.2089110506382129,70.625,TRB%
Kendall Marshall,-0.09334643048476808,-0.696521672788924,11.875,-0.1458931079489768,-0.6439749953247152,11.875,TRB%
Kentavious Caldwell-Pope,0.12852390922156373,-0.3834747034023328,22.5,0.08212762803029627,-0.3370784222110654,24.375,TRB%
Keon Johnson,0.08616443994168696,-0.22450098408160116,30.0,0.028914024303107775,-0.16725056844302197,36.875,TRB%
Klay Thompson,0.18151953971696538,-0.4536569818503904,20.0,0.1852321589189751,-0.4573696010524001,19.375,TRB%
Kobi Simmons,0.0016649571350959107,-0.6306196009726748,14.374999999999998,-0.0510078002962954,-0.5779468435412835,13.750000000000002,TRB%
Kris Dunn,-0.1421641888284119,0.3243193726499811,75.625,-0.023181961337376107,0.2053371451589453,70.0,TRB%
Ky Bowman,-0.26244736208691744,0.21249337607726004,71.25,-0.17508260254152325,0.12512861653186585,62.5,TRB%
Kyrie Irving,-0.15978826377659802,0.49996006644337954,85.0,-0.22979349531573062,0.569965297982512,86.875,TRB%
Landry Shamet,0.23877778265233032,-1.1974439007873794,1.875,0.15826338565043202,-1.116929503785481,1.875,TRB%
Luke Kennard,0.1187754512581677,-0.1320227536527645,36.875,-0.03577425712245352,0.02252695472785672,53.125,TRB%
Luther Head,0.0720780531266012,0.0974434132214354,60.0,-0.0356223941744056,0.2051438605224422,69.375,TRB%
Malaki Branham,0.13311784841338076,-0.41406149650212887,21.875,0.21019823734951806,-0.4911418854382662,18.125,TRB%
Malcolm Brogdon,0.13227374769432537,-0.19674440264240878,32.5,0.21558294961673796,-0.28005360456482137,29.375,TRB%
Manny Harris,0.11119637670036435,1.0180339131750662,94.375,0.051686596898394305,1.0775436929770361,95.0,TRB%
MarShon Brooks,0.14841834992224748,0.191753452744534,67.5,0.30392801761932864,0.03624378504745285,56.875,TRB%
Marcus Sasser,-0.30942068076586643,-0.2652187100117149,28.749999999999996,-0.24230342343086358,-0.3323359673467177,25.0,TRB%
Marcus Smart,-0.05948320893630648,0.29478499596223556,74.375,0.05161770054300502,0.18368408648292409,66.25,TRB%
Marcus Thornton,0.11287263478403965,0.059255024937354336,58.12500000000001,-0.024192441804155793,0.1963201015255498,67.5,TRB%
Marcus Williams,-0.08044528444334043,0.673598279630525,88.125,-0.048097663790609604,0.6412506589777942,88.75,TRB%
Markel Brown,-0.06715739588291883,0.7926712392128666,92.5,-0.015596549149967585,0.7411103924799154,91.25,TRB%
Max Christie,0.06403254290741384,0.13439449536370876,63.125,0.06799038213934247,0.13043665613178013,63.125,TRB%
Mike Conley,-0.2576185852117234,-0.09118014523520807,42.5,-0.23072737783987154,-0.11807135260705995,39.375,TRB%
Mike Taylor,-0.2541912110699329,0.43689854873153183,83.75,-0.18901350179889106,0.37172083946048995,78.75,TRB%
Monta Ellis,-0.05532446252004755,0.13722365755431415,63.74999999999999,-0.24444325622775598,0.32634245126202255,76.875,TRB%
Moses Moody,0.06515056925675247,0.12075782243631253,61.25000000000001,0.2262306896811154,-0.0403222979880504,48.125,TRB%
Nate Wolters,-0.03695611102856337,0.03723454291154197,55.00000000000001,-0.16690854662097204,0.16718697850395065,65.0,TRB%
Nickeil Alexander-Walker,0.09206085494629267,0.2707197319763011,73.125,0.12929032633658227,0.23349026058601152,72.5,TRB%
Nique Clifford,0.2442887140585352,0.2055688950285765,68.75,0.21235728770661066,0.23750032138050103,73.125,TRB%
Nolan Smith,-0.25243933668573104,0.12160402796773825,61.875,-0.24961619476502228,0.1187808860470295,60.62499999999999,TRB%
Nolan TraorÃ©,-0.09707615016733513,-0.7114022907738835,11.25,-0.02592373585215646,-0.7825547050890622,8.125,TRB%
Norman Powell,-0.06836646283201736,1.193418761536674,96.875,0.0646450475713567,1.0604072511333,94.375,TRB%
Norris Cole,-0.21302977118401906,-0.7185176268880902,10.625,-0.3545887587617934,-0.5769586393103158,14.374999999999998,TRB%
O.J. Mayo,0.31442172004229935,-0.33798252027603326,25.0,0.17808671649875882,-0.2016475167324927,33.125,TRB%
Ochai Agbaji,0.1583870825281855,-0.7817383637311273,9.375,0.2198373939239995,-0.8431886751269413,6.875000000000001,TRB%
Orlando Johnson,0.08976214147369554,1.2858294103628554,98.125,0.19558428730105934,1.1800072645354915,97.5,TRB%
Pelle Larsson,0.08274659937893489,-0.38178532657728703,23.125,0.03211161075704896,-0.33115033795540105,25.624999999999996,TRB%
Quentin Grimes,0.004337586640915894,-0.1066469156882766,40.625,-0.0010498457843544085,-0.1012594832630063,41.875,TRB%
Randy Foye,-0.0039855429245945284,0.3904411277327605,82.5,-0.045137546884405785,0.4315931316925718,82.5,TRB%
Rashad McCants,0.02789910821334167,-0.07743332014972977,43.125,0.11917616886959204,-0.16871038080598014,36.25,TRB%
Ray McCallum,-0.18823612331450912,-0.15952529852580477,36.25,-0.31485432351116305,-0.03290709832915084,49.375,TRB%
Raymond Felton,-0.15157225013558537,0.14584917385608248,64.375,-0.19499945029547833,0.18927637401597544,66.875,TRB%
Reed Sheppard,-0.2656039470415085,-0.06761362104948976,44.375,-0.35897913693639383,0.025761568845395544,55.00000000000001,TRB%
Rodney Stuckey,0.016663713054424933,0.3869102692857972,81.875,0.0032744282595675057,0.4002995540806546,81.25,TRB%
Ron Baker,0.02289953821414524,-0.11203277703919384,40.0,0.08905337433083953,-0.17818661315588813,34.375,TRB%
Russell Westbrook,0.10174947337486001,1.1638655882372357,96.25,0.11754360841349433,1.1480714531986014,96.875,TRB%
Semaj Christon,-0.12665507249439378,-0.2830917567312033,26.875,-0.1130661855230603,-0.2966806437025368,26.875,TRB%
Shaedon Sharpe,0.23036875049628325,-0.10042323884799934,41.25,0.33869972511945906,-0.20875421347117515,32.5,TRB%
Shelvin Mack,-0.15934920826147309,0.3582188775128223,78.125,-0.10643137609406758,0.3053010453454168,76.25,TRB%
Sindarius Thornwell,-0.020206940477819624,0.03627903529479343,54.37499999999999,0.0376522409739454,-0.0215801461569716,50.0,TRB%
Sion James,0.19733507402536443,0.384978961380519,81.25,0.09699566174510382,0.4853183736607796,85.0,TRB%
Stephen Curry,-0.02335652284034892,0.2866904960556046,73.75,-0.12728710853537553,0.39062108175063126,79.375,TRB%
T.J. McConnell,-0.2317063378719304,1.2199656771807352,97.5,-0.3564333434053881,1.344692682714193,98.75,TRB%
Terence Davis,0.07338215622127553,1.445055234911622,99.375,0.0989067217975724,1.4195306693353251,99.375,TRB%
ThÃ©o Maledon,0.037604385567238656,-0.34512963369771965,24.375,0.10812583452386235,-0.41565108265434336,21.875,TRB%
Tim Hardaway Jr.,0.19690032269889585,-0.8230936275178438,6.875000000000001,0.11545003323105867,-0.7416433380500065,8.75,TRB%
Toney Douglas,-0.22214881856355936,-0.06175508918435471,45.0,-0.21026248077987578,-0.0736414269680383,45.625,TRB%
Trae Young,-0.11665619071043087,0.07066049860497157,58.75,-0.24744983836056988,0.2014541462551106,68.125,TRB%
Tre Johnson,0.18402483811991177,-0.4295634672063511,20.625,0.2434035568180233,-0.4889421859044626,18.75,TRB%
Tre Mann,-0.009942616947944294,-0.09236671209941641,41.875,-0.12615721525129958,0.02384788620393888,53.75,TRB%
Tyler Dorsey,0.010440791837896327,0.21086708346007155,69.375,-0.10951564608896636,0.33082352138693427,77.5,TRB%
Tyler Herro,0.15445559942277473,0.5385126458456203,86.25,-0.07409259003990024,0.7670608353082953,91.875,TRB%
Tyrese Proctor,-0.12151581086489298,-0.05779460506216043,45.625,-0.10498678705859685,-0.07432362886845656,45.0,TRB%
VJ Edgecombe,0.2060165783694226,0.37629745703646084,80.0,0.16446629989146014,0.41784773551442334,81.875,TRB%
Victor Oladipo,-0.034606673104353364,0.26691167413619354,72.5,0.06027500333392216,0.17202999769791805,65.625,TRB%
Walter Clayton,-0.03360062163940578,-0.5430790732439625,16.25,-0.15604431926752232,-0.420635375615846,21.25,TRB%
Wayne Ellington,0.0358135303577177,0.04510781586981501,56.25,-0.041840484421435,0.1227618306489677,61.25000000000001,TRB%
Will Barton,0.08693643635435332,1.1220812958583328,95.625,0.12357564031234607,1.08544209190034,95.625,TRB%
Zach LaVine,0.08644221039102935,0.0017959597436942448,52.5,0.10159559538053596,-0.013357425245812363,51.24999999999999,TRB%
A.J. Price,-0.16206295801179388,-0.3691700231566393,28.749999999999996,-0.2678853427888165,-0.2633476383796167,35.0,ORB%
AJ Johnson,0.12389774187077619,-0.8258874378601965,4.375,0.13391730387976658,-0.8359069998691868,5.0,ORB%
Aaron Wiggins,0.17620781453665235,0.7178314835955443,90.0,0.23575677415164234,0.6582825239805543,88.125,ORB%
Acie Law,-0.08757358825476791,-0.4009139571512211,26.875,-0.07590874628015389,-0.4125787991258351,24.375,ORB%
Ajay Mitchell,0.05420519088704236,-0.12032056391651676,46.875,-0.04936447887798293,-0.016750894151491467,55.625,ORB%
Alec Burks,0.15650420958135625,1.8675826560189663,98.75,0.22476931501173397,1.7993175505885886,98.75,ORB%
Allan Ray,-0.08539793085401307,0.20515404102161838,68.125,0.00959706711294088,0.11015904305466442,65.625,ORB%
Allonzo Trier,0.12321245726361857,-0.18660974018191545,43.75,0.04652505528593077,-0.10992233820422767,50.625,ORB%
Andrew Nembhard,0.17982135405385447,-0.5584052865429469,18.125,0.0241070320080932,-0.4026909644971856,25.624999999999996,ORB%
Antonio Reeves,0.1321779529046638,-0.3254681905261273,32.5,0.10857345715378444,-0.30186369477524794,30.625000000000004,ORB%
Archie Goodwin,0.1170893438236551,0.3105390708379634,74.375,0.1783623379578977,0.2492660767037208,72.5,ORB%
Austin Reaves,0.19224976242374753,0.26821108478336775,71.875,0.05726062851839172,0.4032002186887236,76.875,ORB%
Austin Rivers,0.12070697024354302,-0.5613139263802354,17.5,0.06981386891498115,-0.5104208250516735,18.75,ORB%
Ayo Dosunmu,0.18062759082223498,-0.6836744123375227,9.375,0.2836461012137101,-0.7866929227289978,5.625,ORB%
Ben McLemore,0.11817095874588496,-0.09888464711063935,48.75,0.10021284305242026,-0.08092653141717465,52.5,ORB%
Bennedict Mathurin,0.26648945653816114,0.4258907542595638,78.125,0.25536160555049536,0.4370186052472296,78.75,ORB%
Blake Wesley,0.05379067753653273,-0.4323746100256251,25.0,0.13670942451400558,-0.515293357003098,17.5,ORB%
Bobby Brown,-0.16164738363724374,-0.27425698258932524,36.875,-0.23909743222440205,-0.19680693400216692,38.75,ORB%
Bradley Beal,0.15143953920314515,-0.004447289883518363,58.75,0.12866072674965556,0.018331522569971226,58.12500000000001,ORB%
Brandin Podziemski,0.16719246622808331,0.5098095349040199,81.25,0.010124688602076284,0.666877312530027,89.375,ORB%
Brandon Knight,-0.05238016585878389,-0.32135433766156807,33.75,-0.016839510406660645,-0.35689499311369133,26.875,ORB%
Bruce Brown,0.12936444651884646,0.6085094852246661,85.625,0.15826186699041642,0.5796120647530961,85.0,ORB%
Buddy Hield,0.16373605568085553,-0.25458063676722364,38.75,0.20835512513825327,-0.2991997062246214,31.25,ORB%
Cameron Payne,-0.17854728521678628,-0.2372861454262942,41.25,-0.0786026406596681,-0.3372307899834124,28.749999999999996,ORB%
Cason Wallace,0.06901750334495753,-0.02450872126360823,55.00000000000001,0.12204776301917301,-0.07753898093782371,54.37499999999999,ORB%
Cedric Coward,0.20932270856654206,0.8875362772454907,94.375,0.5148819133556782,0.5819770724563545,85.625,ORB%
Charles Jenkins,-0.08693598596743694,-0.6629273597679229,11.25,-0.014464995521405608,-0.7353983502139543,7.5,ORB%
Coby White,0.05151552342023152,-0.36350714058082995,30.0,-0.058300156800101616,-0.25369146036049683,36.25,ORB%
Collin Sexton,0.06489687935857912,-0.06665791499519862,52.5,0.0772031234254355,-0.078964159062055,53.75,ORB%
D'Angelo Russell,0.03259856889545458,0.02795700083079232,62.5,0.19922901080327696,-0.13867344107703006,46.875,ORB%
Daequan Cook,0.19653083344843764,-0.6850183788544266,8.75,0.1664462291084843,-0.6549337745144733,11.875,ORB%
Damian Lillard,0.03806778579292344,-0.3947319982929989,27.500000000000004,0.10649208152451936,-0.4631562940245948,19.375,ORB%
DantÃ© Exum,0.1443925924914559,-0.5557259036847731,18.75,0.2294374013276267,-0.640770712520944,12.5,ORB%
De'Aaron Fox,0.011247017508576613,-0.24402070756271793,40.0,0.003916071767289572,-0.23668976182143087,36.875,ORB%
De'Anthony Melton,-0.14935354847040772,0.4557737492421765,80.0,0.0016323817774038102,0.30478781899436497,75.0,ORB%
Dennis SchrÃ¶der,-0.25685852693863076,-0.0065535404443817225,58.12500000000001,-0.09424275219078784,-0.16916931519222464,42.5,ORB%
Denzel Valentine,0.08234847230206462,-0.5833765483170452,16.25,0.2371747788691534,-0.738202854884134,6.875000000000001,ORB%
Deron Williams,0.034915934815174424,-0.4521977524936307,23.125,0.009704125761477243,-0.4269859434399335,23.125,ORB%
Derrick Rose,0.09602709844155576,0.6049972926625555,85.0,0.15132379829303355,0.5497005928110777,83.125,ORB%
Devin Booker,0.25514314505510005,-0.739032147179513,6.875000000000001,0.20868930273680822,-0.6925783048612212,9.375,ORB%
Devonte' Graham,-0.25528944426045413,-0.17792532234790887,44.375,-0.17319332287974967,-0.26002144372861336,35.625,ORB%
Dion Waiters,0.07859286064349731,-0.47722844496188127,22.5,0.0482239913340971,-0.4468595756524811,20.625,ORB%
Donovan Mitchell,0.08186073491891906,-0.12567843601325326,46.25,0.22008611768000613,-0.2639038187743403,34.375,ORB%
Doron Lamb,0.04934187994047212,-0.40600609244054753,26.25,-0.016481309416575322,-0.3401829030835001,27.500000000000004,ORB%
Drake Powell,0.18530095397324775,-0.7970717443507519,5.0,0.3702803278640995,-0.9820511182416036,1.875,ORB%
Duane Washington Jr.,-0.15473024982398847,-0.7818950226163806,5.625,-0.03363837390608151,-0.9029868985342875,4.375,ORB%
Dylan Harper,0.20722939730285345,0.10458347512479726,65.0,0.29922985463176643,0.012583017795884277,57.49999999999999,ORB%
Elfrid Payton,0.050732901948191356,1.226466420478547,97.5,0.11972809955578922,1.1574712228709492,96.875,ORB%
Eric Bledsoe,-0.14914606273146178,1.0821178319589222,96.25,-0.0367143764048508,0.9696861456323111,95.0,ORB%
Eric Gordon,0.15779031305734584,-0.4800018035508469,21.875,0.20811592843654178,-0.5303274189300428,16.875,ORB%
Eric Maynor,-0.05628504782972511,-0.18809188881990796,42.5,-0.2663840329505236,0.02200709630089051,58.75,ORB%
Frank Jackson,-0.06047322820352659,-0.0029240547147703078,59.375,-0.001329228794477319,-0.06206805412381958,55.00000000000001,ORB%
Gary Harris,0.06522684210296989,0.23153417693147813,70.625,-0.014186483519326935,0.31094750255377496,75.625,ORB%
George Hill,0.021376782565722587,0.2248761056061164,70.0,0.12991437927026936,0.11633850890156963,66.875,ORB%
Hamidou Diallo,0.11666631561865765,2.901748765546928,100.0,0.28971380950842446,2.7287012716571613,99.375,ORB%
Iman Shumpert,0.13248513460424713,-0.036058585355839626,53.75,0.22640534474883156,-0.12997879550042407,47.5,ORB%
Immanuel Quickley,-0.12995586842548226,-0.015580744191778434,56.875,0.010624111741605734,-0.15616072435886644,45.0,ORB%
Isaiah Briscoe,-0.11351886781355958,-0.7511496297665471,6.25,0.04307024929371259,-0.9077387468738193,3.125,ORB%
Isaiah Collier,0.07341847455999849,-0.584645873661435,15.625,-0.07642894179481258,-0.43479845730662386,21.875,ORB%
Isaiah Whitehead,0.050558935756238294,-0.09013057997652979,50.0,0.14658463146029682,-0.18615627568058832,40.0,ORB%
JJ Redick,-0.10607757924249434,-0.35107359929685816,30.625000000000004,-0.2791817246140668,-0.17796945392528568,41.25,ORB%
Ja'Kobe Walter,0.0956891328941665,0.5694509654802966,82.5,0.19886586142325474,0.46627423695120834,80.0,ORB%
Jabari Brown,0.05212794739054036,-1.0626179995458127,1.25,0.060045046622090335,-1.0705350987773627,1.25,ORB%
Jalen Brunson,-0.10207573029828654,-0.26950278902839886,37.5,-0.20039341933402433,-0.17118509999266107,41.875,ORB%
Jalen Williams,0.26867035559466257,0.2095170265456987,68.75,0.5582764037286855,-0.0800890215883242,53.125,ORB%
Jamal Shead,-0.18436663608006273,-0.26327333072537906,38.125,-0.30815760752903554,-0.1394823592764063,46.25,ORB%
James Harden,0.21989902437724404,0.22417854581824329,69.375,0.3308405685627427,0.11323700163274464,66.25,ORB%
Jared McCain,-0.026068453484861517,-0.3261903648765885,31.874999999999996,-0.23114852560332982,-0.12111029275812019,49.375,ORB%
Jarrett Jack,0.06482336408843714,-0.7023537873889033,8.125,0.052249577789010584,-0.6897800010894768,10.0,ORB%
Jase Richardson,-0.17118192841491042,0.5753531671230768,83.125,-0.17519222059464007,0.5793634593028065,84.375,ORB%
Javaris Crittenton,0.1328779279242587,0.8603444510500189,93.75,-0.04255388222530131,1.0357762611995789,95.625,ORB%
Javon Small,-0.24197679828623872,0.9232231358359515,95.0,-0.24713679457973187,0.9283831321294447,94.375,ORB%
Jaylen Clark,0.11874793523558314,0.54639216313888,81.875,0.1444608269841133,0.5206792713903498,82.5,ORB%
Jeff Teague,-0.10040101577651273,-0.8324304277182405,3.125,-0.029073538274769592,-0.9037579052199837,3.75,ORB%
Jeremiah Fears,0.01697534741312004,-0.07459594010753115,51.87500000000001,-0.05714914024117835,-0.0004714524532327541,56.25,ORB%
Jerian Grant,0.019497009228248624,-0.09505258246466672,49.375,0.048300474629118864,-0.12385604786553696,48.75,ORB%
Jerryd Bayless,-0.10469824247169082,-0.4448989994879462,24.375,-0.260080503906237,-0.2895167380534,33.125,ORB%
Jodie Meeks,0.06007080423708647,-0.6486749943092798,11.875,-0.13024267723923694,-0.4583615128329564,20.0,ORB%
John Jenkins,0.07834110259150755,-0.14120571236342325,45.625,0.10138769956380016,-0.16425230933571586,43.125,ORB%
John Wall,0.06176487086526104,-0.5340146648386163,19.375,0.19576993035530388,-0.6680197243286591,11.25,ORB%
Jordan Clarkson,0.11427059746798271,0.7271783678955156,90.625,0.12401975660448317,0.7174292087590152,91.25,ORB%
Jordan Crawford,0.08845681193363521,0.3599557975694057,76.25,0.026882809443863925,0.42152980005917695,77.5,ORB%
Jordan Farmar,-0.14259046644229628,-0.08379779661427311,50.625,-0.29511167380745285,0.06872341075088345,61.25000000000001,ORB%
Jordan Hawkins,0.1749071400113037,-0.2990632163434887,34.375,0.058485893316787226,-0.18264196964897222,40.625,ORB%
Jordan Poole,0.10588172175324048,-1.1576857963725036,0.625,0.03692006981095409,-1.0887241444302174,0.625,ORB%
Josh Christopher,0.11547674666224349,0.7785625514699531,91.875,0.17243661091772877,0.7216026872144679,91.875,ORB%
Josh Hart,0.19880422016607618,0.05970766107528119,63.125,0.16669852645843844,0.09181335478291894,63.74999999999999,ORB%
Josh Okogie,0.15504190743402846,-0.03353044850729256,54.37499999999999,0.3487560576624381,-0.2272445987357022,37.5,ORB%
Jrue Holiday,0.05901694505432178,0.6719166696599657,89.375,0.06108145701261272,0.6698521577016747,90.0,ORB%
KJ Simpson,-0.1666341539529542,0.5774245231434391,83.75,-0.22226331012607387,0.6330536793165588,86.875,ORB%
Kam Jones,0.049977430624649405,-0.2923147558800915,35.0,-0.050587218633214526,-0.19175010662222758,39.375,ORB%
Kasparas JakuÄionis,0.0695835111801811,0.6578420095097895,88.125,0.07248652832135735,0.6549389923686133,87.5,ORB%
Kendall Marshall,-0.02856630817453555,-0.7058402506903164,7.5,-0.10230091637934956,-0.6321056424855024,14.374999999999998,ORB%
Kentavious Caldwell-Pope,0.21491323588107486,-0.22703785524785786,41.875,0.1498089936931808,-0.1619336130599638,43.75,ORB%
Keon Johnson,0.13534037864514661,0.4696466188703293,80.625,0.05500538563729001,0.549981611878186,83.75,ORB%
Klay Thompson,0.21210669605059607,-0.6328573048478241,12.5,0.21731632176783985,-0.6380669305650679,13.125,ORB%
Kobi Simmons,0.038350920537875935,-0.006586226048287236,57.49999999999999,-0.03556060574113812,0.06732530023072682,60.62499999999999,ORB%
Kris Dunn,-0.04594943899210064,0.0063777947718091366,60.0,0.12100893688928384,-0.16058058110957535,44.375,ORB%
Ky Bowman,-0.2277758995613901,0.3865740280563055,76.875,-0.10518382282399727,0.26398195131891267,73.125,ORB%
Kyrie Irving,-0.10473116918972993,0.3422060342687655,75.0,-0.20296398939689986,0.44043885447593545,79.375,ORB%
Landry Shamet,0.22485055036827623,-0.8429740588216723,2.5,0.11187104710993567,-0.7299945555633317,8.125,ORB%
Luke Kennard,0.20452707348079585,-0.5128831591188601,20.0,-0.012340343177010167,-0.29601574246105405,31.874999999999996,ORB%
Luther Head,0.12558637393481512,-0.5869179127376735,15.0,-0.025541169583670927,-0.43579036921918746,21.25,ORB%
Malaki Branham,0.12959040773218855,-0.5081743402212809,20.625,0.2377512383070905,-0.6163351707961828,15.625,ORB%
Malcolm Brogdon,0.1704854931441302,0.14885342069811403,65.625,0.2873867257251639,0.03195218811708034,60.0,ORB%
Manny Harris,0.15519500553404553,0.7293208477209726,91.25,0.07168962498849346,0.8128262282665246,93.125,ORB%
MarShon Brooks,0.21911384350989055,0.8176348112760365,93.125,0.43732829536585704,0.59942035942007,86.25,ORB%
Marcus Sasser,-0.19145157345300162,-0.3332835416113276,31.25,-0.09727121967614102,-0.4274638953881882,22.5,ORB%
Marcus Smart,-0.009137740857172127,0.6327115276890504,86.25,0.14676140304654572,0.4768123837853325,80.625,ORB%
Marcus Thornton,0.16198544415884553,0.9705466328817622,95.625,-0.030347167692361038,1.1628792447329688,97.5,ORB%
Marcus Williams,-0.053669096254854276,-0.05733770906032343,53.125,-0.008278231403098774,-0.10272857391207893,51.87500000000001,ORB%
Markel Brown,-0.005285447240586577,-0.07923509615530062,51.24999999999999,0.06706582245010267,-0.1515863658459899,45.625,ORB%
Max Christie,0.12002109949001201,-0.6699592949049952,10.0,0.12557482313510576,-0.6755130185500888,10.625,ORB%
Mike Conley,-0.1936693440350987,-0.2437247557026053,40.625,-0.1559350336009497,-0.2814590661367543,33.75,ORB%
Mike Taylor,-0.1698755700656868,0.586667771837128,84.375,-0.07841683111761505,0.4952090328890563,81.25,ORB%
Monta Ellis,0.0034803171761279145,-0.024314644734966515,55.625,-0.2618951705072412,0.2410608429484026,71.875,ORB%
Moses Moody,0.12888709342527474,0.23522298690960033,71.25,0.354918122259872,0.00919195807500306,56.875,ORB%
Nate Wolters,0.02327994901355764,0.011711828122702262,60.62499999999999,-0.15907205469199762,0.1940638318282575,69.375,ORB%
Nickeil Alexander-Walker,0.12475108862393006,-0.5712540616861038,16.875,0.1769922695911813,-0.6234952426533551,15.0,ORB%
Nique Clifford,0.23187101711960925,0.07994185530804146,63.74999999999999,0.1870641649055087,0.12474870752214201,67.5,ORB%
Nolan Smith,-0.19177543951909007,0.6643308309825054,88.75,-0.18781394711889,0.6603693385823054,88.75,ORB%
Nolan TraorÃ©,-0.05884930141047379,-0.8299965878085769,3.75,0.04099326990965446,-0.9298391591287052,2.5,ORB%
Norman Powell,-0.010458076760878107,0.3432359324124549,75.625,0.1761864853620787,0.1565913702894981,68.75,ORB%
Norris Cole,-0.12769205013055054,-0.10499413755917356,48.125,-0.32633061284514403,0.09364442515541993,64.375,ORB%
O.J. Mayo,0.34199011028396503,-0.49366228717786387,21.25,0.15068195235649756,-0.3023541292503964,30.0,ORB%
Ochai Agbaji,0.1766675620165769,0.30151982012378437,73.75,0.26289593750083257,0.2152914446395287,70.625,ORB%
Orlando Johnson,0.1276205420370476,0.43908542546566426,79.375,0.27611241323648256,0.2905935542662293,73.75,ORB%
Pelle Larsson,0.14370399228903408,0.012736647717472516,61.25000000000001,0.07265190626450786,0.08378873374199873,62.5,ORB%
Quentin Grimes,0.06997155028552686,0.2941385300493482,72.5,0.06241179126217533,0.30169828907269974,74.375,ORB%
Randy Foye,0.07391467566224028,0.16122289224675673,66.25,0.016169314104657793,0.2189682538043392,71.25,ORB%
Rashad McCants,0.12209073651206256,-0.18697478519530317,43.125,0.2501726368407666,-0.31505668552400723,29.375,ORB%
Ray McCallum,-0.0826469422091051,0.0234059263392791,61.875,-0.26032027635013216,0.20107926048030617,70.0,ORB%
Raymond Felton,-0.10717565237832045,0.43873909381469745,78.75,-0.16811361732203953,0.4996770587584165,81.875,ORB%
Reed Sheppard,-0.17981600206638143,-0.10885538399907396,47.5,-0.31084204167923785,0.022170655613782453,59.375,ORB%
Rodney Stuckey,0.07826777806819199,0.40402014422323507,77.5,0.05947965070915678,0.4228082715822703,78.125,ORB%
Ron Baker,0.07486895263775026,-0.4220782180545012,25.624999999999996,0.16769741340260827,-0.5149066788193591,18.125,ORB%
Russell Westbrook,0.13814286646608032,2.779892601432857,99.375,0.16030553050510707,2.7577299373938304,100.0,ORB%
Semaj Christon,-0.08147260005885715,0.09317389270464214,64.375,-0.06240438670791505,0.07410567935370005,61.875,ORB%
Shaedon Sharpe,0.2234977379440976,0.2975282099277364,73.125,0.37551005072497007,0.14551589714686392,68.125,ORB%
Shelvin Mack,-0.09661206465072325,-0.32413854414650484,33.125,-0.022356644323349203,-0.39839396447387887,26.25,ORB%
Sindarius Thornwell,0.10732062813784392,0.18898245089547494,66.875,0.18850985419885874,0.10779322483446013,65.0,ORB%
Sion James,0.23276567699137263,-0.24420708654552592,39.375,0.09196729336328456,-0.10340870291743787,51.24999999999999,ORB%
Stephen Curry,0.008369550614492807,-0.3674889050716459,29.375,-0.13746804343587987,-0.22165131102127322,38.125,ORB%
T.J. McConnell,-0.17493978319668296,0.6438287818109245,87.5,-0.3499593530226522,0.8188483516368938,93.75,ORB%
Terence Davis,0.10320048936646045,1.400711198144209,98.125,0.13901709915397703,1.3648945883566925,98.125,ORB%
ThÃ©o Maledon,0.06031675191463885,-0.6058642667432138,13.750000000000002,0.15927393931042705,-0.7048214541390021,8.75,ORB%
Tim Hardaway Jr.,0.23583124378961937,-0.4521269146695889,23.75,0.12153847644631491,-0.3378341473262844,28.125,ORB%
Toney Douglas,-0.14314671727574338,1.1035651676050706,96.875,-0.1264675569222306,1.0868860072515578,96.25,ORB%
Trae Young,-0.01965969446291857,0.20280740067133218,67.5,-0.20319210470391977,0.3863398109123334,76.25,ORB%
Tre Johnson,0.19627415854484798,-0.6695073995015789,10.625,0.27959563137994586,-0.7528288723366767,6.25,ORB%
Tre Mann,0.02612495425565567,-0.28829485859034254,35.625,-0.13694982586559667,-0.12522007846909022,48.125,ORB%
Tyler Dorsey,0.08713744679762363,-0.28211993905980354,36.25,-0.08118796175379361,-0.11379453050838628,50.0,ORB%
Tyler Herro,0.2052987028937186,-0.9208243877590432,1.875,-0.11540494611299484,-0.6001207387523297,16.25,ORB%
Tyrese Proctor,-0.04065151103570353,-0.3864025467807696,28.125,-0.017457635548607416,-0.4095964222678657,25.0,ORB%
VJ Edgecombe,0.22385156543249562,0.6421115046782483,86.875,0.16554733665491955,0.7004157334558243,90.625,ORB%
Victor Oladipo,0.05258402003069637,-0.15894143240356545,45.0,0.18572399339544943,-0.29208140576831854,32.5,ORB%
Walter Clayton,0.03249457870875827,-0.5980861859460047,14.374999999999998,-0.13932100521484692,-0.4262706020223995,23.75,ORB%
Wayne Ellington,0.12339731169928825,-0.023546994926361142,56.25,0.014431557219908839,0.08541875955301827,63.125,ORB%
Will Barton,0.15387646629552165,0.7905718475719667,92.5,0.2052893715285681,0.7391589423389203,92.5,ORB%
Zach LaVine,0.14902578987353468,-0.6148278956997569,13.125,0.1702893399036625,-0.6360914457298847,13.750000000000002,ORB%
A.J. Price,-0.20338193811381597,0.11452179497808757,63.125,-0.2533662735754856,0.16450613043975718,65.625,DRB%
AJ Johnson,0.12148944007153192,-0.7944093648966908,8.75,0.1262220980029485,-0.7991420228281073,8.75,DRB%
Aaron Wiggins,0.11317923948779149,-0.09847469406150408,43.125,0.14130670212305224,-0.12660215669676483,42.5,DRB%
Acie Law,-0.15589189376018284,-1.057072594516712,2.5,-0.1503821013320937,-1.0625823869448012,2.5,DRB%
Ajay Mitchell,-0.0574536679215176,-0.5013469666755389,16.25,-0.10637395192473437,-0.45242668267232217,17.5,DRB%
Alec Burks,0.03964563062895536,-0.2513862022647961,30.625000000000004,0.07189009324760255,-0.28363066488344324,30.625000000000004,DRB%
Allan Ray,-0.13889779578412292,-0.09870420999284399,42.5,-0.09402768767262845,-0.14357431810433846,40.625,DRB%
Allonzo Trier,0.08416407628242879,0.2687189879969458,73.125,0.04794141097193936,0.3049416533074352,74.375,DRB%
Andrew Nembhard,0.0712303315590131,-0.6139798037134694,11.25,-0.0023200512425141945,-0.540429420911942,13.125,DRB%
Antonio Reeves,0.02420172526433459,-0.856888656408837,8.125,0.013052335307742928,-0.8457392664522454,7.5,DRB%
Archie Goodwin,0.07846819786325279,0.5530804257300278,84.375,0.10740999406261374,0.5241386295306668,82.5,DRB%
Austin Reaves,0.15804152710999514,-0.09988354948520894,41.875,0.09428051693221234,-0.03612253930742614,51.87500000000001,DRB%
Austin Rivers,0.06557056716078077,-0.3336323547270108,26.25,0.04153162818911683,-0.3095934157553468,28.749999999999996,DRB%
Ayo Dosunmu,0.11021824811453212,-0.3345075797799888,25.624999999999996,0.15887819650844745,-0.38316752817390415,21.875,DRB%
Ben McLemore,-0.014207182554007491,-0.1784127928745172,37.5,-0.022689551203809624,-0.16993042422471505,39.375,DRB%
Bennedict Mathurin,0.1393745879759955,-0.1670782681865618,38.75,0.13411843883604563,-0.16182211904661192,40.0,DRB%
Blake Wesley,0.048692359141849634,-0.03824449920842424,51.24999999999999,0.08785834915158855,-0.07741048921816315,47.5,DRB%
Bobby Brown,-0.11822578728837564,-1.5896243640102896,0.625,-0.15480868246939142,-1.5530414688292737,0.625,DRB%
Bradley Beal,0.049764574107621765,0.30650515967864256,75.0,0.039005188884055575,0.31726454490220873,75.625,DRB%
Brandin Podziemski,0.11844801388390346,0.8442225832827813,91.875,0.04425833744050485,0.9184122597261799,93.75,DRB%
Brandon Knight,-0.1253767992487109,0.2301480855598711,70.0,-0.10858946216127355,0.21336074847243375,68.75,DRB%
Bruce Brown,-0.023612631586249058,0.05386170230524326,57.49999999999999,-0.009963172052026396,0.0402122427710206,55.625,DRB%
Buddy Hield,0.06030257068892306,0.31444392785200037,75.625,0.08137802216780468,0.2933684763731187,73.125,DRB%
Cameron Payne,-0.18326376242789172,0.3466640041667469,76.25,-0.13605572934805676,0.29945597108691197,73.75,DRB%
Cason Wallace,0.04989312384420333,-0.5506235338148046,14.374999999999998,0.07494153203082668,-0.5756719420014279,12.5,DRB%
Cedric Coward,0.14696054735874664,1.4045985717690028,99.375,0.29128893145030765,1.2602701876774418,98.125,DRB%
Charles Jenkins,-0.12680697654144618,-0.6230037536042967,10.625,-0.09257589863361829,-0.6572348315121246,11.25,DRB%
Coby White,0.027021516192195744,0.693090070457592,88.125,-0.024849019617874855,0.7449606062676626,90.0,DRB%
Collin Sexton,-0.07115132242565175,-0.47934079526403855,17.5,-0.06533856898025046,-0.48515354870943983,16.25,DRB%
D'Angelo Russell,-0.057784472351412444,0.22118471409026763,69.375,0.020922050129619174,0.14247819160923603,63.125,DRB%
Daequan Cook,0.12457532677536737,0.8609425688005314,93.125,0.11036511067857942,0.8751527848973193,92.5,DRB%
Damian Lillard,-0.06706112119780784,-0.20100066636842218,34.375,-0.03474146634608406,-0.23332032122014595,35.0,DRB%
DantÃ© Exum,-0.007935261328212252,-0.9884043949322094,5.0,0.03223495656188123,-1.0285746128223028,4.375,DRB%
De'Aaron Fox,-0.05486588465681953,-0.10236779810748788,41.25,-0.058328596747028935,-0.09890508601727847,45.625,DRB%
De'Anthony Melton,-0.23241971242851026,0.649829575419961,86.875,-0.16110274670900068,0.5785126097004515,86.25,DRB%
Dennis SchrÃ¶der,-0.2514339108728168,0.1530046324753557,65.0,-0.1746236834952832,0.0761944050978221,60.0,DRB%
Denzel Valentine,0.03835803329998259,0.6401347863677207,86.25,0.11148896927395469,0.5670038503937486,85.625,DRB%
Deron Williams,-0.026614649434073146,-0.44221458116237405,19.375,-0.038523240645554846,-0.43030598995089236,18.75,DRB%
Derrick Rose,0.0012451876826026743,-0.48744713209136925,16.875,0.027364130296930633,-0.5135660747056972,14.374999999999998,DRB%
Devin Booker,0.15453584385313557,-0.7266511259519098,10.0,0.13259375246281155,-0.7047090345615858,9.375,DRB%
Devonte' Graham,-0.22686393195117874,-0.19457458831435945,35.625,-0.18808650239464492,-0.23335201787089327,34.375,DRB%
Dion Waiters,-0.0075519214224425285,-0.08212943147164607,44.375,-0.021896407745917272,-0.06778494514817132,48.125,DRB%
Donovan Mitchell,-0.019269513515237216,-0.06792741229449138,46.875,0.04602011226487181,-0.1332170380746004,41.875,DRB%
Doron Lamb,-0.010940201678321326,-0.3909069118920146,22.5,-0.042031245269074556,-0.3598158683012614,22.5,DRB%
Drake Powell,0.1282546371312288,-0.5995136159995014,12.5,0.21562812713084903,-0.6868871059991215,10.625,DRB%
Duane Washington Jr.,-0.17252363600543255,-0.18212599225552104,36.25,-0.11532688164842293,-0.23932274661253067,32.5,DRB%
Dylan Harper,0.12346134327261578,0.08568212900322801,60.0,0.16691700467588427,0.042226467599959516,56.25,DRB%
Elfrid Payton,-0.015749778992090447,0.36113948014273545,77.5,0.016839536678042166,0.3285501644726028,76.875,DRB%
Eric Bledsoe,-0.23207813610145983,0.16307800764207384,66.875,-0.1789719512643511,0.10997182280496509,61.25000000000001,DRB%
Eric Gordon,0.06030329766350219,-1.055525328276393,3.125,0.08407418930170824,-1.079296219914599,1.875,DRB%
Eric Maynor,-0.07343494931740938,-0.043720767852053324,50.0,-0.17267348164270147,0.055517764473238765,57.49999999999999,DRB%
Frank Jackson,-0.1481368769333502,-0.07972124719595969,45.0,-0.12020069392975777,-0.10765743019955212,43.125,DRB%
Gary Harris,-0.056567909301146885,-0.9106037174503383,6.25,-0.09407814228631042,-0.8730934844651748,6.25,DRB%
George Hill,-0.07298766846337774,0.7744992585309012,89.375,-0.021720824918735775,0.7232324149862591,89.375,DRB%
Hamidou Diallo,0.07522137043053186,0.23464382804079215,71.25,0.15695893478058198,0.152906263690742,64.375,DRB%
Iman Shumpert,0.018564892787881263,-0.040398349655521464,50.625,0.06292733368723101,-0.08476079055487121,46.875,DRB%
Immanuel Quickley,-0.16946602892983526,-0.258344145624646,29.375,-0.10306422837814826,-0.324745946176333,25.624999999999996,DRB%
Isaiah Briscoe,-0.18405249666931767,0.7950427557969968,90.625,-0.11008891159580886,0.721079170723488,88.75,DRB%
Isaiah Collier,-0.07858727480651523,0.20450238157807302,67.5,-0.14936647282708929,0.2752815795986471,72.5,DRB%
Isaiah Whitehead,-0.0013530318383038501,-0.17353666975494594,38.125,0.04400391789522306,-0.21889361948847286,36.25,DRB%
JJ Redick,-0.2103063274567808,-0.2569672506582631,30.0,-0.29207065066959015,-0.17520292744545374,38.75,DRB%
Ja'Kobe Walter,0.010774830153537585,-0.2728653101575281,28.749999999999996,0.05950951158698971,-0.3215999915909802,26.875,DRB%
Jabari Brown,-0.06594813876362227,-0.9012234879878629,6.875000000000001,-0.06220856188008343,-0.9049630648714018,5.625,DRB%
Jalen Brunson,-0.11261463570658442,-0.09373455551870019,43.75,-0.1590541896906729,-0.04729500153461172,50.625,DRB%
Jalen Williams,0.18094583302530232,-0.07511912273189732,46.25,0.3177388744235258,-0.21191216413012076,36.875,DRB%
Jamal Shead,-0.21291976682082517,-0.8936534608711229,7.5,-0.2713914168131075,-0.8351818108788405,8.125,DRB%
James Harden,0.17959913451668255,0.5804079433596232,85.625,0.23200146293603985,0.5280056149402659,83.125,DRB%
Jared McCain,-0.023575819747254798,-0.580872530941043,13.125,-0.12044370968257284,-0.4840046410057249,16.875,DRB%
Jarrett Jack,-0.015013283327858937,0.21497177444971682,68.125,-0.02095240815231939,0.22091089927417729,69.375,DRB%
Jase Richardson,-0.18449284565703225,-0.3419338995202228,25.0,-0.18638707427447754,-0.34003967090277754,24.375,DRB%
Javaris Crittenton,0.03985720758057977,1.0661254761516359,95.625,-0.04300656899788906,1.1489892527301049,97.5,DRB%
Javon Small,-0.2165876225963992,0.4441203503085704,81.875,-0.21902490452175152,0.44655763223392275,80.0,DRB%
Jaylen Clark,0.037898991523500146,-1.3270630835804123,1.25,0.05004426503586896,-1.339208357092781,1.25,DRB%
Jeff Teague,-0.16248437451003903,0.21510210154298293,68.75,-0.1287934255620025,0.1814111525949464,66.875,DRB%
Jeremiah Fears,-0.023084186539303622,0.28739542512413,74.375,-0.058096280290944165,0.32240751887577057,76.25,DRB%
Jerian Grant,-0.05122385484495489,-0.048060019072486214,48.75,-0.037618774217730994,-0.06166509969971011,48.75,DRB%
Jerryd Bayless,-0.185612516604839,0.0387572963321553,56.875,-0.25900605330033716,0.11215083302765347,61.875,DRB%
Jodie Meeks,0.022141474044906927,1.3603682325735575,98.75,-0.06775153792071098,1.4502612445391754,100.0,DRB%
John Jenkins,-0.0030585646152506973,0.091757646393303,61.875,0.007827306429336631,0.08087177534871567,60.62499999999999,DRB%
John Wall,-0.021953350191545835,0.8631676822602344,93.75,0.041342840507874866,0.7998714915608137,91.25,DRB%
Jordan Clarkson,-0.020859081851660435,0.16207257643975193,66.25,-0.016254146499127375,0.15746764108721886,65.0,DRB%
Jordan Crawford,0.015815924985560864,-0.4489018376561771,18.125,-0.013268050041567121,-0.4198178626290491,19.375,DRB%
Jordan Farmar,-0.18870669952251218,0.4432580630414237,81.25,-0.2607488407955749,0.5153002043144864,81.875,DRB%
Jordan Hawkins,0.06510277127580595,-0.07803284553397825,45.625,0.010112150322536961,-0.02304222458070926,53.125,DRB%
Jordan Poole,0.09224850881146415,-0.42704473994115166,20.0,0.05967503816121631,-0.3944712692909038,20.625,DRB%
Josh Christopher,0.02895776792432357,0.00747349360121323,53.75,0.05586229260308053,-0.01943103107754373,53.75,DRB%
Josh Hart,0.11759829224091878,0.775719379313454,90.0,0.10243343115890143,0.7908842403954713,90.625,DRB%
Josh Okogie,0.011409081044615021,0.061857855482430085,58.12500000000001,0.10290837100196351,-0.029641434474918404,52.5,DRB%
Jrue Holiday,0.04144067651678087,-0.3000742638549159,27.500000000000004,0.04241583180653024,-0.3010494191446653,29.375,DRB%
KJ Simpson,-0.16548684220807636,-0.3476660762977393,24.375,-0.19176281783899407,-0.3213901006668216,27.500000000000004,DRB%
Kam Jones,0.03342604963633615,-0.5598527948135912,13.750000000000002,-0.014074837578425217,-0.5123519075988299,15.0,DRB%
Kasparas JakuÄionis,-0.0748491768139749,-0.010235437891420701,52.5,-0.07347796047877626,-0.011606654226619342,54.37499999999999,DRB%
Kendall Marshall,-0.09803784865858166,-0.5490823625859486,15.0,-0.13286578605018445,-0.5142544251943457,13.750000000000002,DRB%
Kentavious Caldwell-Pope,0.04082299929531324,-0.44537204304373074,18.75,0.01007154450289438,-0.4146205882513119,20.0,DRB%
Keon Johnson,0.02722129056548065,-0.4253243510249335,20.625,-0.010724284449453383,-0.3873787760099994,21.25,DRB%
Klay Thompson,0.11832529762768114,-0.23511231187942194,32.5,0.12078602160427948,-0.2375730358560203,33.125,DRB%
Kobi Simmons,-0.016750987799720334,-0.735795129078506,9.375,-0.051662490992536295,-0.70088362588569,10.0,DRB%
Kris Dunn,-0.14248559783712447,0.3870551016094279,78.75,-0.06362417843350555,0.30819368220580895,75.0,DRB%
Ky Bowman,-0.1768936000848191,0.10582432340000031,62.5,-0.11898823817583376,0.04791896149101496,56.875,DRB%
Kyrie Irving,-0.11782813752767962,0.5074600959911404,83.125,-0.16422760441671494,0.5538595628801757,85.0,DRB%
Landry Shamet,0.1927390850116501,-1.0873741291657462,1.875,0.13937414334022777,-1.0340091874943238,3.75,DRB%
Luke Kennard,0.033008930120969456,0.14243198264897194,64.375,-0.06942661532406902,0.2448675280940104,70.625,DRB%
Luther Head,0.04311585835065296,0.37977187334397305,78.125,-0.028267997235681637,0.45115572893030764,80.625,DRB%
Malaki Branham,0.11296083105711759,-0.1978918214836718,35.0,0.16404971221077624,-0.24898070263733046,31.874999999999996,DRB%
Malcolm Brogdon,0.08758749397267643,-0.27694130609577283,28.125,0.14280483232247038,-0.33215864444556675,25.0,DRB%
Manny Harris,0.05131306618362094,0.9112631939554771,94.375,0.011869984619752869,0.9507062755193452,94.375,DRB%
MarShon Brooks,0.06681244267157539,-0.2469018285127162,31.874999999999996,0.1698842491436878,-0.3499736349848286,23.75,DRB%
Marcus Sasser,-0.26558315435226565,-0.05448046461373235,48.125,-0.22109783674199218,-0.09896578222400582,45.0,DRB%
Marcus Smart,-0.045910379159402846,0.012115696693877145,55.00000000000001,0.027727302730792734,-0.061521985196318435,49.375,DRB%
Marcus Thornton,0.06484465204365245,-0.3800693874492562,23.125,-0.026002079593001014,-0.2892226558126028,30.0,DRB%
Marcus Williams,-0.04959590926400874,0.8291108666985239,91.25,-0.028155906561111617,0.8076708639956268,91.875,DRB%
Markel Brown,-0.07881535556542049,0.949229587876918,95.0,-0.04464082677439352,0.915055059085891,93.125,DRB%
Max Christie,0.00459988006797539,0.4064391513773648,80.0,0.007223135878384404,0.4038158955669558,78.75,DRB%
Mike Conley,-0.1901368749337769,0.0914716771028183,61.25000000000001,-0.17231338290862105,0.07364818507766245,59.375,DRB%
Mike Taylor,-0.21443699292230795,0.2711898071312737,73.75,-0.17123720775289664,0.22799002196186244,70.0,DRB%
Monta Ellis,-0.0670606119256972,0.2391529479759587,71.875,-0.19240854684154557,0.36450088289180704,77.5,DRB%
Moses Moody,0.0009609218259091917,0.013743623600378209,55.625,0.10772482431989773,-0.09302027889361034,46.25,DRB%
Nate Wolters,-0.047972177882542974,0.09082894503167688,60.62499999999999,-0.1341046511256221,0.17696141827475598,66.25,DRB%
Nickeil Alexander-Walker,0.041917172148748995,0.5583185261170074,85.0,0.06659286548039232,0.5336428327853641,83.75,DRB%
Nique Clifford,0.19647750612248638,0.2333370313892873,70.625,0.1753133569987556,0.25450118051301807,71.25,DRB%
Nolan Smith,-0.19898897266063564,-0.23430989953810616,33.125,-0.19711779421878112,-0.23618107797996069,33.75,DRB%
Nolan TraorÃ©,-0.07033588325589968,-0.4009230956123728,21.875,-0.02317606363231517,-0.44808291523595734,18.125,DRB%
Norman Powell,-0.07748913468145516,1.1865521927829776,97.5,0.010670893321207636,1.0983921647803148,96.25,DRB%
Norris Cole,-0.180456092023723,-0.9491688676584209,5.625,-0.2742813878273544,-0.8553435718547895,6.875000000000001,DRB%
O.J. Mayo,0.23177681050664578,-0.14108932388407186,40.0,0.1414139712779976,-0.05072648465542369,50.0,DRB%
Ochai Agbaji,0.10616097438170996,-1.011350077904089,3.75,0.14689024027004213,-1.0520793437924212,3.125,DRB%
Orlando Johnson,0.03693181478839102,1.4565131900327737,100.0,0.10707073217343537,1.3863742726477293,99.375,DRB%
Pelle Larsson,0.017387757323761514,-0.5305406758295772,15.625,-0.016173112718854053,-0.4969798057869616,15.625,DRB%
Quentin Grimes,-0.03611169096418761,-0.2099043568005185,33.75,-0.03968248113139683,-0.20633356663330926,37.5,DRB%
Randy Foye,-0.030707420458875954,0.3508792332172377,76.875,-0.05798296834536626,0.37815478110372797,78.125,DRB%
Rashad McCants,-0.033189728566117974,-0.04551333102798452,49.375,0.02730870648700435,-0.10601176608110685,43.75,DRB%
Ray McCallum,-0.18673582014572954,-0.4061946176648149,21.25,-0.27065836219589523,-0.3222720756146492,26.25,DRB%
Raymond Felton,-0.08948027282283981,-0.017088941842859084,51.87500000000001,-0.11826382073205084,0.011694606066351948,55.00000000000001,DRB%
Reed Sheppard,-0.2248962546620387,0.008453490749289388,54.37499999999999,-0.28678532975728566,0.07034256584453635,58.12500000000001,DRB%
Rodney Stuckey,-0.01887301832408061,0.2514859879229953,72.5,-0.027747436176115296,0.26036040577503,71.875,DRB%
Ron Baker,-0.012440961993988947,-0.003343523770947352,53.125,0.03140580004070198,-0.04719028580563828,51.24999999999999,DRB%
Russell Westbrook,0.08266054983745746,-0.12771175286931666,40.625,0.09312890241132558,-0.1381801054431848,41.25,DRB%
Semaj Christon,-0.0992989718586973,-0.350408829801639,23.75,-0.090292257685728,-0.3594155439746083,23.125,DRB%
Shaedon Sharpe,0.18150401768315838,-0.24735923803771637,31.25,0.2533057867734618,-0.3191610071280198,28.125,DRB%
Shelvin Mack,-0.13714262296296695,0.6850305103999282,87.5,-0.10206868423713103,0.6499565716740923,88.125,DRB%
Sindarius Thornwell,-0.09330815936639197,-0.06392552339791543,47.5,-0.05495909437547407,-0.10227458838883334,44.375,DRB%
Sion James,0.12875185901194985,0.4849552328630986,82.5,0.062246897376892055,0.5514601944981564,84.375,DRB%
Stephen Curry,0.010591714126136588,0.5513463455140281,83.75,-0.05829347721872119,0.6202315368588858,86.875,DRB%
T.J. McConnell,-0.16412044350538982,1.194378266910023,98.125,-0.24678950174832198,1.277047325152955,98.75,DRB%
Terence Davis,0.04306507588691211,1.1565500642990005,96.875,0.059982757741200314,1.1396323824447125,96.875,DRB%
ThÃ©o Maledon,0.03684851869332681,-0.1420743021097569,39.375,0.08359013448244666,-0.18881591789887675,38.125,DRB%
Tim Hardaway Jr.,0.12631819720019846,-1.0018207261039334,4.375,0.0723329460100402,-0.947835474913775,5.0,DRB%
Toney Douglas,-0.1843743596896402,-0.6118751342894496,11.875,-0.17649609510425757,-0.6197533988748323,11.875,DRB%
Trae Young,-0.10636991681462163,0.029074323013489126,56.25,-0.193059945402648,0.1157643516015155,62.5,DRB%
Tre Johnson,0.13126632197739016,-0.17957242581013097,36.875,0.17062253624270482,-0.21892864007544563,35.625,DRB%
Tre Mann,-0.010993371151238803,0.06915134877602501,58.75,-0.08802040595199015,0.14617838357677634,63.74999999999999,DRB%
Tyler Dorsey,-0.03752068226071496,0.388053487417103,79.375,-0.11702780833318904,0.46756061348957706,81.25,DRB%
Tyler Herro,0.08361606479050322,0.8522721209505408,92.5,-0.06786567330781969,1.0037538590488637,95.0,DRB%
Tyrese Proctor,-0.1312107591344792,0.08290465530173838,59.375,-0.1202553222914514,0.0719492184587106,58.75,DRB%
VJ Edgecombe,0.1615888717682999,0.1578901331255087,65.625,0.13404934753445416,0.18542965735935443,68.125,DRB%
Victor Oladipo,-0.04678071169207955,0.7018770095431259,88.75,0.016106862671762,0.6389894351792844,87.5,DRB%
Walter Clayton,-0.04861503748353901,-0.3306976642030961,26.875,-0.12977071926556963,-0.24954198242106548,31.25,DRB%
Wayne Ellington,-0.02263519274323976,0.13184406784365288,63.74999999999999,-0.07410427310092636,0.18331314820133948,67.5,DRB%
Will Barton,0.0173729617172513,1.1193111737596309,96.25,0.04165742579961845,1.0950267096772637,95.625,DRB%
Zach LaVine,0.03917779333894995,0.42288402584744006,80.625,0.04922145678551622,0.4128403624008738,79.375,DRB%
